attempt,status,description,strategy_sha256,days,total_return,annual_return,sharpe,max_drawdown,mean_turnover
0001,keep,Baseline 1: all cash; verify feasibility and start the 24-hour session clock.,22786ea6595f6da87000c406a898250d5340a46cca4cd4bd90cc0429d6657617,726,0.0,0.0,0.0,0.0,0
0002,discard,Reference: full index exposure throughout validation; identical next-open execution and costs.,41cbf1d366a3ee25a496948feec1be173bf46bc23f272223874149082e4be224,726,-0.06996873687369032,-0.024863832738127978,-0.008642359827688401,0.40822952590541384,0.0027548209366391185
0003,discard,"Trend hypothesis: hold when close exceeds SMA20, otherwise cash.",c077a2e6267dd495057389f99ed674896f29d156a192db41fb4331f1a4d62d72,726,-0.23972849871284108,-0.09074990660590854,-0.5420204304228822,0.30366086310540785,0.13774104683195593
0004,discard,Trend hypothesis: SMA60 filter reduces short-term whipsaws.,2615bdb4a83a1c4670326e695f9d1240deff9f80af89ac36404d5217a5548df2,726,-0.15228331874942147,-0.055731951784471656,-0.29927017635443565,0.2585306992148457,0.07988980716253444
0005,discard,Trend hypothesis: SMA120 filter captures longer market regimes.,c46a444ba2988c6f66868109e6210a6604507669f976cffd852c62ce7c0c220e,726,-0.18448653975818963,-0.06834077690202556,-0.39277617963303507,0.3048082165351752,0.049586776859504134
0006,discard,Dual moving average hypothesis: SMA10 above SMA60 confirms positive trend.,8cee3b09e114a12e35c27fc35995275d0aa3e8dd27e76111c0302b0a70cd76cb,726,-0.08489745732122,-0.030325739087310177,-0.10453749612017695,0.2526049098892752,0.027548209366391185
0007,discard,Momentum hypothesis: positive 20-session return signals persistent directional movement.,be1c931677431257669f2be59621962b53a18139c5ed56ee06558b609e9f6b73,726,-0.06482500081686016,-0.022995183112820117,-0.06886938095453238,0.23163171979066655,0.10743801652892562
0008,keep,MACD hypothesis: positive DIF and positive histogram jointly confirm trend acceleration.,3a5d3a0f3c91dafff3ad3526551696d14b04e6943cf91dfa9a9741199809bdf9,726,0.045680157778486885,0.015625253563462005,0.1929850078026776,0.21002471383265653,0.05785123966942149
0009,keep,"Reversal hypothesis: RSI14 below30 enters, above55 exits; state follows observable decisions only.",be26ed854db33b98cf2f853f111c7ee88399c77ae743986662f31725375e004e,726,0.1705991951019976,0.05619717703082405,0.56361934655659,0.1628118828210784,0.013774104683195593
0010,discard,Trend plus risk sizing: SMA60 gate and 15% annual volatility exposure cap.,6ea59ea73acbc79c500b1c6bfc22288d5ceab272960a598d4c876cfcdd5c00a9,726,-0.09968772998956155,-0.03579466585853164,-0.21246166068836653,0.22492378925509826,0.07786477379001708
0011,discard,Hybrid hypothesis: SMA60 trend OR oversold RSI14<25 permits recovery entries.,84c3c3457b581dc2d8687e90f3a922920982c480c6f64e211b5d42c509cec3fb,726,-0.06557708584418875,-0.02326798585562173,-0.06907155834586313,0.2688182322827716,0.09090909090909091
0012,discard,Breakout hypothesis: new prior-20-session closing high enters; below prior-10-session low exits.,9424d383a9f4a7775d385809d648fc4ba8135532e65264a4400606dc38a54f3d,726,-0.1861682156911908,-0.0690080825027175,-0.432719230967191,0.2277527445289509,0.05234159779614325
0013,keep,Reversal persistence: retain RSI14 entry<30 but exit only at70 to capture a larger rebound.,e9ca2f7456ec7d46c6802e8ba73384e2c1f1c2d612d3ac26c10cae078ea93950,726,0.22705438773915554,0.07360689099809892,0.5711625334429988,0.1480251079673376,0.011019283746556474
0014,discard,"Faster reversal oscillator: RSI7 enters below25 and exits above65, testing shorter rebound horizons.",da883e92bc24782fdf39c96f08b1641e01c3e73933dc7a38207959f20b64ce05,726,0.0005356000296945496,0.00018587825819915693,0.06274796543520925,0.2596654928829125,0.01928374655647383
0015,discard,"Very short reversal: RSI2<10 entry and RSI2>70 exit, testing rapid oversold recovery after execution lag.",3351e62ea1713844b054eefc8c0e30d70f2a3e95e126ae78d85730120e90c43c,726,0.07032487602483628,0.02387064331211719,0.25731526864890303,0.18646657235975828,0.10192837465564739
0016,discard,Bollinger reversion: close below lower20/2 band enters; recovery to middle band exits.,22bba154c7cca10b118930a264f27a4fab9668b4a91972b2093d23b19e99ddf5,726,0.051549727630303854,0.017600452061892646,0.21147499507054107,0.1848697697277173,0.03581267217630854
0017,keep,Broad mean reversion: deviation below SMA20 of more than5% enters; reclaiming average exits.,ba5ca409d7eef74bd3b08faba8d58ffd2feeaba1fcc8578c5edec52efb65e34d,726,0.22975821466950097,0.07442745441993326,0.8125194828380803,0.09346484262172405,0.01928374655647383
0018,discard,Reversal trend filter: RSI14<30 entries only above SMA120; RSI14>55 exits.,986e7c890be83d0028f9fd464995b2bc5b3619d20b10ccdd8e2f9ed0ad634070,726,0.0,0.0,0.0,0.0,0
0019,keep,Reversal risk control: original RSI14 30/55 with8% signal-close drawdown stop from entry.,a0740397b038872c997761a1e40059facabdb7acd464fa4187e3dc980782b38a,726,0.23335248877394665,0.07551643109709882,0.8049366682222575,0.11363529850342391,0.01928374655647383
0020,keep,Reversal holding cap: original RSI14 30/55 exits after20 signal sessions if recovery stalls.,a9f12e396908fddf744c72cdf287f1027e3be2dc62072723cccd711a9fe95d7a,726,0.2612046213784347,0.08388552201832011,0.8650410789434949,0.0986802709798611,0.01928374655647383
0021,discard,Reversal without fixed overbought threshold: RSI14<30 entry; positive MACD histogram exits.,e5b1a66a03200b95b869be117f56d9c5d255e41201ccc2c63ba875a30176a1d0,726,0.1679668330532893,0.05537215525493577,0.7486521569526817,0.07225556741594841,0.01928374655647383
0022,discard,Price-only rebound: three consecutive declining closes enters; two rising closes exits.,e786399746b575269acb768c18700a11819beb93db931703f2a9c2d373c4cd23,726,-0.1470991028327101,-0.05373150687113504,-0.46139087108005256,0.21364889730932202,0.0881542699724518
0023,discard,"Train-only conditional-return model using rsi14 bins: at least40 training examples,100 pseudo-observation shrinkage; expected-return entry>5bp, exit<0. No validation labels used for fitting.",d0defb5af11e9cc89f40ef04cc9464e74efea8f665486809e78c431c273854a4,726,-0.002076430785731276,-0.0007212336816863063,0.06318912488668721,0.17473821944812273,0.03581267217630854
0024,discard,"Train-only conditional-return model using deviation20 bins: at least40 training examples,100 pseudo-observation shrinkage; expected-return entry>5bp, exit<0. No validation labels used for fitting.",b3da1c9cbb8bf84d50c57c5c4f5fa915bb52922b9b2d2dc0771f892c01536244,726,0.027323896144604953,0.009400980384743685,0.13665389573067915,0.22370456923650806,0.2396694214876033
0025,discard,"Train-only conditional-return model using joint bins: at least40 training examples,100 pseudo-observation shrinkage; expected-return entry>5bp, exit<0. No validation labels used for fitting.",f859d78d2cb4e388b6c763de72d0d249d4a7740478e74c9b071f00aa480d142e,726,0.1549083861456373,0.05126139085914705,0.4745791874305453,0.13690331202372774,0.04132231404958678
0026,discard,Holding-duration sensitivity: retain RSI14 30/55 reversal but set maximum holding to10 sessions; compare20-session champion without changing other signals.,69722d22949472664026ff0bbe9d329eb24980a75e47cf7328a863f85c1ad587,726,0.24420874127436787,0.0787930807130004,0.9667071698440214,0.07166921472637222,0.01928374655647383
0027,discard,Holding-duration sensitivity: retain RSI14 30/55 reversal but set maximum holding to30 sessions; compare20-session champion without changing other signals.,64f5dc28e80e191fbdf77747bb66060108a07de053e1a45eeeb2f7bc28dc419b,726,0.1825058104953734,0.0599138354156048,0.616196384159861,0.11414698948838276,0.01652892561983471
0028,discard,Holding-duration sensitivity: retain RSI14 30/55 reversal but set maximum holding to40 sessions; compare20-session champion without changing other signals.,7ad8c24ef51f0a3d6e71714cdfee47845a119fc680367bc4dd49be65378f0ccb,726,0.09440719827164479,0.031808976447763815,0.3577763718601387,0.2173028090385246,0.013774104683195593
0029,discard,"Combine two previously useful controls: RSI14 30/55,20-session cap and8% entry-signal-price loss stop.",8f377c0ac81fb48f3058467c5b6c411c861f722ecd10b055370fb046f4a31e9c,726,0.20560344738269176,0.06705469103295458,0.7527901642493507,0.1299412324165986,0.01928374655647383
0030,discard,"Literature-inspired bounded mean-reversion entry: zscore(20) in(-3.0,-1.5), exit>0.0, stop<-3.5,20-session cap. Methodological inspiration: Leung and Li,2014-11-18,https://arxiv.org/abs/1411.5062 ; heuristic adaptation to index deviations, not replication of optimal OU spread solution.",329aa2981bcfcc3463f244a7b46696064ac250abb42eb11e67bc7318c053b9dc,726,0.054921608281926604,0.01873188689519867,0.2151892866038662,0.19916566546597392,0.05509641873278237
0031,discard,"Literature-inspired bounded mean-reversion entry: zscore(60) in(-3.0,-1.5), exit>0.0, stop<-3.5,20-session cap. Methodological inspiration: Leung and Li,2014-11-18,https://arxiv.org/abs/1411.5062 ; heuristic adaptation to index deviations, not replication of optimal OU spread solution.",c1683b6a345e68caff6af271a1324eefaf1d1ce280e39eac59832fdd9dc2a277,726,-0.01503907850092756,-0.005246018704929245,0.014394582930073044,0.2523606182485,0.03856749311294766
0032,discard,"Literature-inspired bounded mean-reversion entry: zscore(20) in(-2.5,-1.0), exit>0.5, stop<-3.0,20-session cap. Methodological inspiration: Leung and Li,2014-11-18,https://arxiv.org/abs/1411.5062 ; heuristic adaptation to index deviations, not replication of optimal OU spread solution.",c70f2ea0fa6b81d6751cab7ebb154c9dc5b4c9f8466a8e0cee8cdfd9d40c6957,726,0.013018085838402582,0.004499607942539674,0.09938226428614791,0.2589792954577297,0.0743801652892562
0033,discard,"Entry sensitivity around current RSI14 champion: entry<25, unchanged55 exit and20-session cap; measure breadth versus catching falling prices.",3284c4aa5ed5deb9597762ed0ffb5286af414afdd43821c45d128d1df3a51957,726,0.09167955894158242,0.03091561971246537,0.48759411639282113,0.09346484262172416,0.008264462809917356
0034,discard,"Entry sensitivity around current RSI14 champion: entry<35, unchanged55 exit and20-session cap; measure breadth versus catching falling prices.",889faea6ddc22ef864234f099e9890147a749c3b3d39d577a191103c93a0382a,726,-0.008110385961375588,-0.002822662251806163,0.031272859792681955,0.21279742241007782,0.027548209366391185
0035,discard,"Exit persistence with holding discipline: RSI14<30 entry, >70 exit,20-session cap; combines longer rebound capture with time control.",edddd3d93e142390cf752f1d221b13ae7d2f9ef574b9da7c115bff20acdef63a,726,0.24207705261805468,0.07815116846949666,0.7735362395281802,0.09868027097986132,0.01928374655647383
0036,discard,Price recovery exit: RSI14<30 entry then5% rise from entry signal close or20-session cap; compare oscillator-based exit. Execution remains next open.,09b77b741fb243b43560d8e4df15a63aec53f4d117de212061a35b3db741c5c7,726,0.20776639137594954,0.06771879674578107,0.796510723946779,0.08190294639555451,0.01928374655647383
0037,discard,Price recovery exit: RSI14<30 entry then10% rise from entry signal close or20-session cap; compare oscillator-based exit. Execution remains next open.,f31c3fa72611d322bb1ad9253e41e33eecad202eafa6ce0c9755afe5b14c209b,726,0.2254250329100962,0.07311184059051179,0.7578777419567349,0.0986802709798611,0.01928374655647383
0038,discard,"Rebound trailing exit: RSI14<30 entry, 4% decline from observed closing peak exits,20-session cap; no RSI take-profit.",dfeff53def19c9830ee667fd24252da768621a20973c238c4c3a67036f6fb721,726,0.07116547024988606,0.024149684610321964,0.29915021865567776,0.130496098095504,0.024793388429752067
0039,discard,"Rebound trailing exit: RSI14<30 entry, 6% decline from observed closing peak exits,20-session cap; no RSI take-profit.",b94fdbe33ce66f79035681a2ae7e74758e61ce37a8985163eb5b79fe95732b85,726,0.16620149098537862,0.054818190258079325,0.5941190013789904,0.14744640109140694,0.01928374655647383
0040,discard,"Recovery confirmation: RSI14 below30 arms entry, crossing back above30 enters; >55 or20sessions exits; avoids immediate catching of declines.",0dc7df3653aac2bf7f20046466bb6d0fbe0e0ea4fcbf1e654c5347b192ad6053,726,0.07642855607567789,0.025893562102932588,0.3400258184050784,0.13686677609583997,0.01652892561983471
0041,discard,Broaden entry using independent price stretch: RSI14<30 OR close5% belowSMA20; exit RSI>55 or20sessions.,8f33bbe5c3919361314d01c5077fac81054c1359c3845b3da1917bb88ef8830d,726,0.23307458419911953,0.07543230680953394,0.7499042665024387,0.09868027097986098,0.02203856749311295
0042,discard,Equal sleeves: half RSI14 30/55 20-day reversal and half positive MACD DIF+histogram trend; weights remain capped at100%.,0962c4dc8634e2798379a924d49fb5fd81cd78c5bddee1e52c29e41969835191,726,0.15726500912658303,0.05200548544300099,0.7112669885870936,0.12561658083104954,0.03970612190406813
0043,discard,"IBS-only reversal: IBS<0.2 entry, IBS>0.8 exit or5-session cap. Method source: Alexander Soffronow Pagonidis,The IBS Effect,2013 (NAAIM2014 copy),https://www.naaim.org/wp-content/uploads/2014/04/00V_Alexander_Pagonidis_The-IBS-Effect-Mean-Reversion-in-Equity-ETFs-1.pdf ; adaptation from ETF close-to-close to index next-open execution, no assumption of transferability.",8838cca60a9a6af42dbcb0592f0964c0910582714c035919e9f7cc6669bc9cf6,726,0.07675121351978964,0.026000290555288297,0.2564783747062649,0.1951200909317391,0.3002754820936639
0044,discard,"IBS confirms oversold: RSI14<30 and IBS<0.3 entry; unchanged RSI>55 exit and20-session cap. Method source: Alexander Soffronow Pagonidis,The IBS Effect,2013 (NAAIM2014 copy),https://www.naaim.org/wp-content/uploads/2014/04/00V_Alexander_Pagonidis_The-IBS-Effect-Mean-Reversion-in-Equity-ETFs-1.pdf ; adaptation from ETF close-to-close to index next-open execution, no assumption of transferability.",503206eb593ea44bd40a12b2403daf21bd997bb68c7c4bfde08c0d1ec3be369d,726,0.14139718557033398,0.04697603178015264,0.5461284486327646,0.0986802709798611,0.01652892561983471
0045,discard,"IBS rebound exit: RSI14<30 entry; IBS>0.8 exit or20-session cap. Method source: Alexander Soffronow Pagonidis,The IBS Effect,2013 (NAAIM2014 copy),https://www.naaim.org/wp-content/uploads/2014/04/00V_Alexander_Pagonidis_The-IBS-Effect-Mean-Reversion-in-Equity-ETFs-1.pdf ; adaptation from ETF close-to-close to index next-open execution, no assumption of transferability.",34b1e90efadb0fbb078a98348e19e6274e417c1f116a00d04545840fca989a79,726,0.06578416875394377,0.022360843578222767,0.38241177513690344,0.04897553840037561,0.027548209366391185
0046,discard,"Train-only ridge model:15 price/momentum/RSI/volatility/OHLC/native-volume features; training-only standardization,4SD clipping,return winsor5%; ridge=0.1,entry=0.0005,500-session recency decay=False,asymmetric/interacting features=False. Coefficients fixed before validation; zero prediction exits.",0e4ffadf0e0bfefa4d77b91c5a6b2b610db9dc12e147ef9fb853d0e71f299c87,726,-0.0939699421359419,-0.03367352193466144,-0.11722421940129535,0.20801479264729195,0.3884297520661157
0047,discard,"Train-only ridge model:15 price/momentum/RSI/volatility/OHLC/native-volume features; training-only standardization,4SD clipping,return winsor5%; ridge=1.0,entry=0.0005,500-session recency decay=False,asymmetric/interacting features=False. Coefficients fixed before validation; zero prediction exits.",f9f5e4ebf6bae0f0228587b70615fde40e848e241e2f1e28ad416311fd2143aa,726,0.17369580427397846,0.05716615174509099,0.4077712435995748,0.16695264025803935,0.3581267217630854
0048,discard,"Train-only ridge model:15 price/momentum/RSI/volatility/OHLC/native-volume features; training-only standardization,4SD clipping,return winsor5%; ridge=0.1,entry=0.0015,500-session recency decay=False,asymmetric/interacting features=False. Coefficients fixed before validation; zero prediction exits.",4782bf1788a1fe46de8cf0976089c903784429f81004f01e166f356f360ac3b4,726,-0.11964251201137333,-0.043267011223528495,-0.20625144920565078,0.17694966175799964,0.25068870523415976
0049,discard,"Train-only ridge model:15 price/momentum/RSI/volatility/OHLC/native-volume features; training-only standardization,4SD clipping,return winsor5%; ridge=0.1,entry=0.0005,500-session recency decay=True,asymmetric/interacting features=False. Coefficients fixed before validation; zero prediction exits.",f5ba4d1585e3e5994aa9e0fa867b0bea329f9bc1113ddca8dfd09ef734c6bd69,726,0.0969697453040681,0.03264693871786539,0.27908494594490724,0.25985573017649444,0.4490358126721763
0050,discard,"Train-only ridge model:15 price/momentum/RSI/volatility/OHLC/native-volume features; training-only standardization,4SD clipping,return winsor5%; ridge=0.1,entry=0.0005,500-session recency decay=False,asymmetric/interacting features=True. Coefficients fixed before validation; zero prediction exits.",da0d56229043f578d6281c73bad9f057c1ebca0e3b4d8c16ebd4db9efa0fbe34,726,-0.04810887016350118,-0.01696838431943981,-0.016282808615758683,0.18860228532416345,0.38292011019283745
0051,discard,"Train-only ridge model:15 price/momentum/RSI/volatility/OHLC/native-volume features; training-only standardization,4SD clipping,return winsor5%; ridge=0.1,entry=0.0005,500-session recency decay=True,asymmetric/interacting features=True. Coefficients fixed before validation; zero prediction exits.",5772c85e3b7eedf6ab175dbe1bcecc149acb294fb86a77e26c77b38e814588d8,726,0.02035698752835491,0.007019624200032215,0.1231326889277179,0.25875756130257577,0.43526170798898073
0052,discard,Ridge1 model signal stabilization: EMA3 of observable predictions before5bp entry/0 exit; coefficients and normalization remain trained only on2010-2019.,b68a07d2177cddefffb6b0854dc92ad2135b8bfc8a774a6b45fe8478349a6d87,726,-0.037336058863485455,-0.013120910429962995,0.020232935453912217,0.20039340092922397,0.12672176308539945
0053,discard,Ridge1 model signal stabilization: EMA5 of observable predictions before5bp entry/0 exit; coefficients and normalization remain trained only on2010-2019.,554c094f4671c9b33f74e709626a48272836e68f576824ab1f868b1927754a84,726,-0.13528229028348215,-0.049201213882911765,-0.18544361919442998,0.2623049683582944,0.07988980716253444
0054,discard,"Ridge1 model cost-aware hysteresis: enter prediction>10bp, exit<-5bp; widen no-trade band to reduce daily turnover.",8a342c6abf0f0b7232aaa6fc1d5850c0adcdffa69541f9dd4271077f59d345b7,726,0.02569020573190217,0.008843517951752311,0.13988077182081676,0.18976979780329062,0.14600550964187328
0055,discard,"Ridge1 model minimum holding: retain selected exposure at least3 sessions before allowing negative forecast exit, testing transaction-cost reduction.",cb438e515123892c103658f886cb2aafa154d7d840fe2df42ad8a87c6671fbfc,726,0.030453193651106103,0.010467173227424853,0.1502274970745833,0.29126393599637657,0.25068870523415976
0056,discard,"Train-only multi-session forecast: compound5 consecutive training forward returns,drop trailing incomplete labels,20% winsorization,ridge1 feature model; entry>25bp,negative forecast exit,min holding0. No horizon extends outside training.",1efa01c21a69e60f3fabda566fa2de7ea98c36934c039304172cde696ce38282,726,0.04552981832881198,0.015574567112365045,0.17685212804750167,0.21224276240631534,0.10192837465564739
0057,discard,"Train-only multi-session forecast: compound10 consecutive training forward returns,drop trailing incomplete labels,20% winsorization,ridge1 feature model; entry>50bp,negative forecast exit,min holding0. No horizon extends outside training.",0a05c4fadc8faa8a53b853a43cfbfd607f0ed097c84199cfe76ff4dd10920c8a,726,-0.14498433097303942,-0.05291775488724293,-0.22802111922515683,0.30382101645097936,0.027548209366391185
0058,discard,"Train-only multi-session forecast: compound20 consecutive training forward returns,drop trailing incomplete labels,20% winsorization,ridge1 feature model; entry>100bp,negative forecast exit,min holding0. No horizon extends outside training.",1839a8cf8df646f57479d19e35267c70ad9a8e14f2ca568694accf99a0a0ff7c,726,-0.2006753937243131,-0.07480240947906402,-0.36945954779211415,0.36315532268590933,0.01928374655647383
0059,discard,"Train-only multi-session forecast: compound5 consecutive training forward returns,drop trailing incomplete labels,20% winsorization,ridge1 feature model; entry>25bp,negative forecast exit,min holding3. No horizon extends outside training.",5020e5b974c923dda2a63f3606c2f32411b6b0c58428c700dc5c7dde362251cf,726,0.02813849335907226,0.00967872828886418,0.14304651062764365,0.2219313433966612,0.09090909090909091
0060,discard,"Train-only multi-session forecast: compound10 consecutive training forward returns,drop trailing incomplete labels,20% winsorization,ridge1 feature model; entry>50bp,negative forecast exit,min holding5. No horizon extends outside training.",aa3fa8449a88d424f4b90a4f7428b62dca7a01d2f3be0ae09b2c749a2129a968,726,-0.14498433097303942,-0.05291775488724293,-0.22802111922515683,0.30382101645097936,0.027548209366391185
0061,discard,"Train-only multi-session forecast: compound20 consecutive training forward returns,drop trailing incomplete labels,20% winsorization,ridge1 feature model; entry>100bp,negative forecast exit,min holding10. No horizon extends outside training.",aa80761403ac5af8a01646372c6de19817f92895036ebb56c621dafa2d84ac56,726,-0.2824650321973191,-0.10882692328915167,-0.5514916437596782,0.3737266668272864,0.01928374655647383
0062,discard,"Adaptive oscillator level: enter RSI14 below prior60-observation10th percentile,exit above prior median or20-session cap; measures relative oversold conditions across regimes.",7e2b498a1aef7850b28c97c07bba430b4d1ec6cd63cc5c7e6d2c9f09d90ba60a,726,0.11832575195580408,0.03958122404333242,0.3850031799952383,0.11072280258320122,0.05509641873278237
0063,discard,Adaptive oscillator standardized surprise: RSI14 more than1.5 prior60-observation standard deviations below mean enters; mean recovery exits or20session cap.,f2b793b1ef8e5f583bb78a5f1c5131a19850cdd6678c5bbb45f280f629ba84fa,726,0.04356111919700467,0.014910387082228027,0.19037427121092226,0.19114163046459587,0.03305785123966942
0064,discard,"Slower oscillator reversion: RSI28 below35 enters,above55 exits or20session cap; tests less sensitive oversold regime measurement.",4e1e460f3965df343483923e99059141a90d58bc894f6bf44bf5964873fc7bcf,726,0.06946119468787781,0.023583789011815792,0.3369032371516519,0.10224741493691758,0.011019283746556474
0065,discard,Drawdown recovery confirmation: index8% below prior60 closing high and positive3-day momentum enters; recover SMA20 or20session cap exits.,bdb1e8023263ed8d4e725215fe7a33d12a27daf8cda3204e530725ce09e354fd,726,-0.0324368818629881,-0.011380481879860072,-0.06882626939046387,0.18813336623754984,0.1046831955922865
0066,discard,"Train-only nonlinear regime model:20 bootstrap regression trees,depth2,minleaf60,5 random features per node,4 quantile splits,seed711,zero-shrunk leaf predictions. Target1-session training return; entry>5bp,exit<0;tree agreement filter=False. No date features or validation fitting.",23a12c17007bc937e4403e9f84a636efe006af610a5df653d97996331c3b696e,726,0.2243454360327466,0.07278358757537551,0.5905398775193565,0.15158735557237912,0.21212121212121213
0067,discard,"Train-only nonlinear regime model:20 bootstrap regression trees,depth4,minleaf60,5 random features per node,4 quantile splits,seed711,zero-shrunk leaf predictions. Target1-session training return; entry>5bp,exit<0;tree agreement filter=False. No date features or validation fitting.",049bd2035401a1b40f209bd331c863c97ab2a9166bb9f9f1afce1bfe1d2505eb,726,0.15660941172218834,0.05179858250331604,0.4359451723350694,0.13050921747752664,0.25068870523415976
0068,discard,"Train-only nonlinear regime model:20 bootstrap regression trees,depth3,minleaf120,5 random features per node,4 quantile splits,seed711,zero-shrunk leaf predictions. Target1-session training return; entry>5bp,exit<0;tree agreement filter=False. No date features or validation fitting.",1a6ffd6723adafbf4e52628ddc6e87b26f1c57a3de16a1b0f633d2088a5cf066,726,0.08229282020668305,0.027830090168445176,0.25631445346473325,0.16718192384257857,0.3002754820936639
0069,discard,"Train-only nonlinear regime model:20 bootstrap regression trees,depth3,minleaf60,5 random features per node,4 quantile splits,seed711,zero-shrunk leaf predictions. Target5-session training return; entry>25bp,exit<0;tree agreement filter=False. No date features or validation fitting.",4e9bca7b28f0dc3bb9c8eb3c5bb4909ceba698fafdd4afe13c5256a2cc1f36e4,726,0.12316728357603113,0.04114122205595572,0.39285986053140554,0.16652060108886824,0.09090909090909091
0070,keep,"Train-only nonlinear regime model:20 bootstrap regression trees,depth3,minleaf120,5 random features per node,4 quantile splits,seed711,zero-shrunk leaf predictions. Target5-session training return; entry>25bp,exit<0;tree agreement filter=False. No date features or validation fitting.",3c7a011d20c64e45909bb6b9bc72b7e1382065e2cc19b98348d4ab73da20b9d9,726,0.31109856237248135,0.09858104625969988,0.7707522852053549,0.15569185450322587,0.09917355371900827
0071,discard,"Train-only nonlinear regime model:20 bootstrap regression trees,depth3,minleaf60,5 random features per node,4 quantile splits,seed711,zero-shrunk leaf predictions. Target1-session training return; entry>5bp,exit<0;tree agreement filter=True. No date features or validation fitting.",54edaf04f53d2844d8687c9c334740480528a3b9a9ea0d1b4cb67c98e00649d5,726,0.24060794302270327,0.07770835889787353,0.6345634444366205,0.12809350691750843,0.22589531680440772
0072,discard,Five-day forest agreement check: require at least60% positive trees for entry; otherwise retain20-tree depth3 minleaf120 model.,59391be6a8b20fe89546d014c20608319775b27015099e20327f8efb3dc9a17b,726,0.31109856237248135,0.09858104625969988,0.7707522852053549,0.15569185450322587,0.09917355371900827
0073,discard,Five-day forest cautious entry: double expected-return hurdle from25bp to50bp to emphasize stronger training-learned opportunities.,ac035779391b9f43d8eefc6d7af76dfce476f68e46b59f967cba14111aa81ec1,726,0.07871515643135085,0.026649472581960154,0.3103619429441073,0.09663035304976653,0.04132231404958678
0074,keep,Five-day forest broader entry: lower expected-return hurdle from25bp to10bp; investigate missed low-amplitude opportunities.,3cf0d148029295284fd0261e1e7277e7420cf026baded07b501ebb5cdb6bea85,726,0.5480550957994492,0.16379443373695057,1.0013577224619412,0.16340042007577626,0.26170798898071623
0075,discard,Five-day forest stronger support: raise minimum leaf size from120 to180 while holding other model choices fixed.,db1c4e184db534dd46a28641b49a3ca0f52a74953dc202c035db59a2c8230c37,726,0.06822423622773521,0.023172694711531605,0.24415516234360934,0.23276704941209247,0.09917355371900827
0076,discard,"Signal complementarity: union allocation combining train-only five-day forest and RSI14 30/55 reversal with20-session cap; independently tracked states,maximum100% index exposure.",8b3011f0cdc76caba41925d8699c4f1f1088385723448d3575553fae3975d154,726,0.37863414741900625,0.11790216182589885,0.8404424152963551,0.16427025287834718,0.06887052341597796
0077,discard,"Signal complementarity: equal allocation combining train-only five-day forest and RSI14 30/55 reversal with20-session cap; independently tracked states,maximum100% index exposure.",6a4f13046fc2f368bcdd2dbe4b00f592cdbe471e1aff833c00f63759ecc52c02,726,0.2922890873360544,0.09308459097092814,0.9338074705233204,0.08887177683113834,0.060000943994760435
0078,discard,"Forest stability check: expand20 to60 trees with the same seed711 sequence,5-session target,depth3,minleaf120 and10bp entry; reduce bootstrap Monte Carlo variation without seed selection.",86106e7b9a30282deb74252c1af7f7549c8f739ee6eb1cbed73dca20c3bc35da,726,0.4574664110069062,0.13968878640096838,0.8808362065909991,0.1605866893720097,0.26170798898071623
0079,discard,"Forest stability check: expand20 to100 trees with the same seed711 sequence,5-session target,depth3,minleaf120 and10bp entry; reduce bootstrap Monte Carlo variation without seed selection.",067a4a4b2a446cf062e634a7132c0380a6a1f237c305bae2a2646bfaaf6e14a5,726,0.29195142146227115,0.09298544336444614,0.6184189834738455,0.231997775814895,0.24242424242424243
0080,discard,"Forest structural sensitivity: depth2, retaining minleaf120,5-day target and10bp entry; test simpler versus more conditional rules.",7ad6e6d6b89f0158d5ee7b9bfe73010ef12f11ecaaf9fd81115281d99bfa2429,726,-0.06365302753982038,-0.022570360271089274,-0.03280814351247951,0.22506172397544788,0.19834710743801653
0081,discard,"Forest structural sensitivity: depth4, retaining minleaf120,5-day target and10bp entry; test simpler versus more conditional rules.",18c3b0e9e9d2661b8730ec9d82d888175e8a7191c6e31fbb792e4d579aef289c,726,0.2949929078694822,0.09387789468594021,0.6018117668658988,0.175586041085405,0.25895316804407714
0082,discard,"Forest forecast horizon sensitivity: train-only3-session compounded returns,retaining20trees/depth3/minleaf120; entry hurdle remains2bp per forecast day.",ac6b294f280836a864d7e42fac9a01b7100f985d8a583bf4ce7728fd31cd4f09,726,0.18127786137155,0.059531663426374504,0.427771907132435,0.1852598513106023,0.2809917355371901
0083,discard,"Forest forecast horizon sensitivity: train-only10-session compounded returns,retaining20trees/depth3/minleaf120; entry hurdle remains2bp per forecast day.",1b02143f3ade19361f5c26c8c2b73b3f0171cfd20992465923dd8a0365556dee,726,0.24114904064741927,0.07787149287212713,0.5598673407141438,0.21965178180963763,0.1322314049586777
0084,keep,Combine broader-entry forest champion with RSI reversal viaunion; both states tracked independently and maximum exposure100%. Unlike prior ensemble this uses10bp forest entry.,25bb4a7c06d294485e7eb16e5ca573f475cbda6d7256aa6f9b80a3c374a853cb,726,0.5876591266133477,0.17404390878788423,1.0180235056443878,0.16772982417386717,0.21763085399449036
0085,discard,Combine broader-entry forest champion with RSI reversal viaequal; both states tracked independently and maximum exposure100%. Unlike prior ensemble this uses10bp forest entry.,7dfd4a19375a1ca4561e16b6963d8557c6383bfcd50f26b845cf2e49c1d0ee6a,726,0.40799420527968144,0.1261090958391733,1.101890899223091,0.1169346462754467,0.1417017872661065
0086,discard,Feature ablation on forest+RSI union: remove native volume ratio; test whether model survives without volume-source conventions.,c42a1efee339ae9324f530083ca44545ec27501c7161379c81bb1304749a7578,726,0.30071347579072083,0.09555275778314587,0.6360669244443532,0.17997935244405505,0.18181818181818182
0087,discard,"Feature ablation on forest+RSI union: remove intraday OHLC/gap/IBS terms,retain close-based and relative-volume features.",d170aacd0f8be755481bfcbc928c037599fb5c4ef80910d5490109b908bf428c,726,0.06423545046084422,0.021844929448552097,0.2133811106494685,0.26673509624287384,0.14049586776859505
0088,discard,Feature compression on forest+RSI union: use seven simple return/MA-deviation features only; retain separate RSI reversal sleeve.,5d3f587fd6974273a40e634e41afa64b55d8868a3a58e1e8244025cc9808602b,726,0.21045149562621446,0.06854214600713116,0.45016842968494053,0.29483460753971114,0.1184573002754821
0089,discard,Add drawdown context to forest+RSI union: include current close relative to20/60/120-session closing highs; all features causal.,2e84f141193aa5fd0cb7be42a089c25c20027098bccf07104daaf5719c10e18d,726,-0.002174510973048327,-0.0007553253708869612,0.0881939710340588,0.22629438786916067,0.09917355371900827
0090,discard,"Contiguous-block bootstrap forest+RSI union: resample5-session feature/label blocks instead of independent rows,retain20 trees/depth3/minleaf120/5-day targets. Targets computed inside training before resampling; no synthetic cross-block returns.",de2ccb5948ce14e519a12722e1718801a0a8e09e769b6b7cfbe7943dac5101da,726,0.484053360823542,0.14686263221007279,0.900609802916392,0.25897400778416546,0.19559228650137742
0091,discard,"Contiguous-block bootstrap forest+RSI union: resample20-session feature/label blocks instead of independent rows,retain20 trees/depth3/minleaf120/5-day targets. Targets computed inside training before resampling; no synthetic cross-block returns.",7bff50c5964554e0c3d255ff8ab948a97d41b60d71c397ae72f2d0aad88375f9,726,0.2808622339511091,0.08971991999521567,0.5900891690789768,0.22236935705838534,0.1763085399449036
0092,discard,"Contiguous-block bootstrap forest+RSI union: resample60-session feature/label blocks instead of independent rows,retain20 trees/depth3/minleaf120/5-day targets. Targets computed inside training before resampling; no synthetic cross-block returns.",90d5f0bf63973a5f27becfb68520ff73e97e8c2fe613db9aa806bcdb4f70376a,726,0.39343613156800616,0.12205383095473854,0.8843562413271969,0.1373849233553568,0.1487603305785124
0093,discard,"Train-only threshold calibration for forest+RSI: first65% training prefix fits forest,remaining training suffix selects entry/exit from8 cost-aware candidates with purged5-session gap,then refit forest on all train; no validation tuning inside fit.",8dddd9f73f3e8cb39731974fe89a2dbd73f70a0dfff1fb3e6911a399068c157b,726,0.44996972720234285,0.13765056420653754,0.8001977337937966,0.22288866876126312,0.27823691460055094
0094,discard,"Train-only threshold calibration for forest+RSI: first80% training prefix fits forest,remaining training suffix selects entry/exit from8 cost-aware candidates with purged5-session gap,then refit forest on all train; no validation tuning inside fit.",c6b9a85758509e6e30fb9d1ff0b93157806e023bb84f222df46bb7d4c9e73074,726,0.42836554377742275,0.13173799237257744,0.8726494583855648,0.19327495972081443,0.05234159779614325
0095,discard,"Train-only directional forest+RSI union: classify sign of5-session training returns rather than estimate magnitude; signed-vote mean>.1 entry,negative exit; no reweighting of final reward.",fcd32486ea3f7246c3bd27dc7f1c55f6504100e30ac63434dd9798308e8528ac,726,0.23343095357562804,0.0755401808785392,0.6419490166870612,0.13924021923005958,0.03581267217630854
0096,discard,"Train-only directional forest+RSI union: classify sign of10-session training returns rather than estimate magnitude; signed-vote mean>.1 entry,negative exit; no reweighting of final reward.",8c9c85336e54b61d3c61723f08b988b29b057686328ee5c9e56d75e8b4a16892,726,-0.055288671130575895,-0.01954843968214337,-0.014737949698768052,0.29207986974087263,0.04132231404958678
0097,discard,"Train-only log-return forest+RSI: fit log(1+five-day return),same10bp forecast hurdle; tests multiplicative-growth target representation.",b36e4d9901673a9147017854e1bc777eddaeb07ede525a01e6eae91e4445994c,726,0.45598681299911825,0.13928705168611777,0.896950888516028,0.1634388743595585,0.21763085399449036
0098,discard,Train-only downside-sensitive forecast: target five-day return minus its squared negative part times5; unchanged final net-return reward and drawdown constraint.,80cfa019ce2603214a75d77ffb0f1e1ece0d9a5f83cf244c96e3aa1ad1ce9939,726,0.21332293777075795,0.06942131476684033,0.6098172848292684,0.2014171139635078,0.09641873278236915
0099,discard,"Random cutpoint tree ensemble+RSI: depth3,leaf120,4uniform cuts per chosen feature,bootstrap=True,trees=20,fixedseed711. Inspiration:Geurts/Ernst/Wehenkel,April2006,https://orbi.uliege.be/handle/2268/9357 . Local variant retaining return-shrunk leaves and5-day forecast,not exact library replication.",1805f2a622bf6965940bcc2c1d558cc33dfc74671d2eae19788084a29502971b,726,0.18614896429659433,0.061046163912501505,0.436606957838602,0.3079425556627011,0.29201101928374656
0100,discard,"Random cutpoint tree ensemble+RSI: depth3,leaf120,1uniform cuts per chosen feature,bootstrap=False,trees=60,fixedseed711. Inspiration:Geurts/Ernst/Wehenkel,April2006,https://orbi.uliege.be/handle/2268/9357 . Local variant retaining return-shrunk leaves and5-day forecast,not exact library replication.",ce5210a2a70aa6c4b04e169e9be4aafc5b984ee63b8a41777cd6d46bd9c03257,726,0.0552178988831844,0.01883119431362723,0.1943509816237941,0.326924656565834,0.1184573002754821
0101,discard,"Random cutpoint tree ensemble+RSI: depth3,leaf120,4uniform cuts per chosen feature,bootstrap=False,trees=60,fixedseed711. Inspiration:Geurts/Ernst/Wehenkel,April2006,https://orbi.uliege.be/handle/2268/9357 . Local variant retaining return-shrunk leaves and5-day forecast,not exact library replication.",01210c5d8670ecb650182efff516de9cf298dc07c31834ce7e3eac497e3d30c2,726,-0.007636112439313281,-0.0026571866078684003,0.07717542712060926,0.24596991820087744,0.18181818181818182
0102,discard,"Random cutpoint tree ensemble+RSI: depth5,leaf120,1uniform cuts per chosen feature,bootstrap=False,trees=60,fixedseed711. Inspiration:Geurts/Ernst/Wehenkel,April2006,https://orbi.uliege.be/handle/2268/9357 . Local variant retaining return-shrunk leaves and5-day forecast,not exact library replication.",fed565f59525c2babc329c32d1f07d1fcc01a888be7ba49ea35c34b06a817e0d,726,0.29170291182510577,0.09291246357236393,0.573717658536692,0.21976559592766953,0.22589531680440772
0103,discard,"Random cutpoint tree ensemble+RSI: depth5,leaf60,1uniform cuts per chosen feature,bootstrap=False,trees=60,fixedseed711. Inspiration:Geurts/Ernst/Wehenkel,April2006,https://orbi.uliege.be/handle/2268/9357 . Local variant retaining return-shrunk leaves and5-day forecast,not exact library replication.",844d806b8e264bc8895de42a0f73e3c9284f61c062ee6f9d793a42c1191cf978,726,0.21786949586277227,0.07081059100743481,0.4766154930349693,0.2713834987891076,0.3168044077134986
0104,discard,"Random cutpoint tree ensemble+RSI: depth3,leaf120,4uniform cuts per chosen feature,bootstrap=True,trees=60,fixedseed711. Inspiration:Geurts/Ernst/Wehenkel,April2006,https://orbi.uliege.be/handle/2268/9357 . Local variant retaining return-shrunk leaves and5-day forecast,not exact library replication.",f963d10e5d3cc2e0d524c0ae06123e9dec9987d4b890c899a9d3614446208488,726,0.12946178253582974,0.04316283248846586,0.3287219999437511,0.26254221577846326,0.2809917355371901
0105,discard,"Forest+RSI prediction smoothing: EMA2 of forest return estimates only,retain independent reversal state; reduce near-boundary trades.",650ca5b56ae923dbf9d6c08ae3b240c87819b1b20ff759140de51cc529862e4e,726,0.47458068409800025,0.1443163548480959,0.8727231646982113,0.1825790129503161,0.12396694214876033
0106,discard,"Forest+RSI prediction smoothing: EMA3 of forest return estimates only,retain independent reversal state; reduce near-boundary trades.",4bdf3ddd89c088ce7e06c157e7010799d9b1dabf1ee0dcdf26e0c11c56b39001,726,0.4915748362515724,0.14887687453337106,0.9091272696464943,0.20426461501336646,0.07988980716253444
0107,discard,"Forest+RSI exit hysteresis: forecast must fall below-10bp before forest sleeve exits,retain10bp entry; RSI sleeve unchanged.",b2662ddb4958caae8c2ecde6d03c964cf2835c844828f3c5e43caa49d3d938e5,726,0.28458773562287365,0.09081905048250616,0.5593084440931999,0.26138462362265014,0.12121212121212122
0108,discard,Forest+RSI minimum forest holding of2 sessions: damp single-day predictor flips without changing RSI sleeve.,0d2eec6c025369d5a0f45f1cde79c4acfeab5b25c5b9328cea2cf27086ddb886,726,0.4034261719080692,0.12483959400894862,0.7551392396945608,0.227056730636793,0.18732782369146006
0109,discard,"Train-only historical analogues+RSI union: inverse squared-distance weighted75nearest neighbors on standardized15causal features; predict5-day training returns,shrink by10 pseudo-weight,entry>2bp per forecast day,exit<0. Neighbor bank fixed before validation,not updated from validation labels.",60ed0ed645813ea96d39bbc6a5acdb0d214b8be75d96045aadc121e80bd2f9a3,726,0.23218321033030853,0.07516239613147824,0.5338217706737876,0.2752670713875177,0.2865013774104683
0110,discard,"Train-only historical analogues+RSI union: inverse squared-distance weighted150nearest neighbors on standardized15causal features; predict5-day training returns,shrink by10 pseudo-weight,entry>2bp per forecast day,exit<0. Neighbor bank fixed before validation,not updated from validation labels.",e72eacac0149a2c61a17f17f7e01cdcd33e75fd5410fad8f68da5313de697dc2,726,0.1788446490921234,0.05877361307082363,0.4359714890775322,0.2963244480567264,0.27548209366391185
0111,discard,"Train-only historical analogues+RSI union: inverse squared-distance weighted300nearest neighbors on standardized15causal features; predict5-day training returns,shrink by10 pseudo-weight,entry>2bp per forecast day,exit<0. Neighbor bank fixed before validation,not updated from validation labels.",90fc48cb42878eefbd0e6147ab3dc4416f72d7e9b211425d42f43852f835bd63,726,0.3417968256794186,0.10744208660931465,0.6969248456397219,0.2514346064475711,0.24793388429752067
0112,discard,"Train-only historical analogues+RSI union: inverse squared-distance weighted150nearest neighbors on standardized8causal features; predict5-day training returns,shrink by10 pseudo-weight,entry>2bp per forecast day,exit<0. Neighbor bank fixed before validation,not updated from validation labels.",be68afc1b5908be1efb11649e0225066236697e8c2301bcd967f4443dd7d2701,726,0.13496363800348576,0.04492385274497601,0.34839699119729156,0.23407758260959122,0.27548209366391185
0113,discard,"Train-only historical analogues+RSI union: inverse squared-distance weighted150nearest neighbors on standardized8causal features; predict1-day training returns,shrink by10 pseudo-weight,entry>2bp per forecast day,exit<0. Neighbor bank fixed before validation,not updated from validation labels.",6efe114e7317de5690feb2ccc54108eb76108512c6119fc820083d82af81561d,726,0.21490477480653825,0.06990505626693455,0.5037804197139345,0.19886393587704398,0.30578512396694213
0114,discard,"Train-only historical analogues+RSI union: inverse squared-distance weighted150nearest neighbors on standardized8causal features; predict10-day training returns,shrink by10 pseudo-weight,entry>2bp per forecast day,exit<0. Neighbor bank fixed before validation,not updated from validation labels.",309b779d62fc44e241534409f3d38150de1c4898f5f0bf46f2abfc39c69a39fd,726,-0.05942819002534483,-0.021041794777074907,-0.021632108820570917,0.3301001759503239,0.21487603305785125
0115,discard,Volatility-normalized forest+RSI: divide return and MA-deviation features by current trailing20-day return volatility; retain raw RSI/OHLC/volume terms. Tests risk-relative regimes rather than absolute moves.,54225d4034a1b9757f8dbbddafa163375cce7306f18af6c384820875854c0e45,726,0.21488654677670338,0.06989948429681236,0.48206682627523256,0.18867107539457106,0.24242424242424243
0116,discard,"Training recency restriction: fit forest on last1000supplied training records only,retaining5-day target/depth3/minleaf120 and RSI union. Uses no2020-or-later observations in fitting.",ae64708d727934f3b07ec51a8b35467ac0a6aca4cf5014f571a7a24894465601,726,-0.0029375798980130208,-0.0010206352292766452,0.0691772437624882,0.2645111300071602,0.15426997245179064
0117,discard,"Training recency restriction: fit forest on last1500supplied training records only,retaining5-day target/depth3/minleaf120 and RSI union. Uses no2020-or-later observations in fitting.",05515a49453523baabaa99447284ffd77a25584b328378c6056cdd5be96bb47a,726,0.27401839695246455,0.08769533907723615,0.52242459076733,0.29105696515659296,0.16804407713498623
0118,discard,"Gradient boosting squared-error residual trees depth1, stages30, shrinkage0.1, train-only 5day labels; retain RSI union. Friedman October2001 https://doi.org/10.1214/aos/1013203451 inspires additive error correction versus bootstrap averaging; standard-library adaptation.",2fd11c658f4149c76e306fbe1c61a7477ca9525a541dbdbae3433826eba3dc90,726,0.32021426185330704,0.10122630168294267,0.6465938044911294,0.2515461283039946,0.17079889807162535
0119,discard,"Gradient boosting squared-error residual trees depth2, stages30, shrinkage0.1, train-only 5day labels; retain RSI union. Friedman October2001 https://doi.org/10.1214/aos/1013203451 inspires additive error correction versus bootstrap averaging; standard-library adaptation.",ec042775eb108382d293fdbec73caa9768fb69d9d08574f0cef8aaa664a8ead5,726,0.3504361910308842,0.10991193026378876,0.7062608027928539,0.2632314884640765,0.21487603305785125
0120,discard,"Gradient boosting squared-error residual trees depth3, stages30, shrinkage0.1, train-only 5day labels; retain RSI union. Friedman October2001 https://doi.org/10.1214/aos/1013203451 inspires additive error correction versus bootstrap averaging; standard-library adaptation.",f5d25e747bbb8f66bf3a395008fca7436bf97caf4e3f3953c63f0103bd58aaa4,726,0.33123119111585164,0.1044074020494572,0.6863506352521277,0.24291909645849585,0.21487603305785125
0121,discard,"Gradient boosting squared-error residual trees depth2, stages80, shrinkage0.05, train-only 5day labels; retain RSI union. Friedman October2001 https://doi.org/10.1214/aos/1013203451 inspires additive error correction versus bootstrap averaging; standard-library adaptation.",da35c0a5ac32ba2974faddb5bf8bdbfae2e1e0e8865678e50bd4e2ec6f904765,726,0.15564360570820224,0.051493639896398546,0.3712282485741369,0.2888683938029576,0.20385674931129477
0122,discard,"Gradient boosting squared-error residual trees depth3, stages80, shrinkage0.05, train-only 5day labels; retain RSI union. Friedman October2001 https://doi.org/10.1214/aos/1013203451 inspires additive error correction versus bootstrap averaging; standard-library adaptation.",454f630028862b0e4af2cf0625238e466975761ca5980a6b7fd95e1450bf6b36,726,0.3497662083854465,0.10972076354960514,0.7099346491122264,0.3382891539980424,0.24517906336088155
0123,discard,"Gradient boosting squared-error residual trees depth2, stages150, shrinkage0.05, train-only 5day labels; retain RSI union. Friedman October2001 https://doi.org/10.1214/aos/1013203451 inspires additive error correction versus bootstrap averaging; standard-library adaptation.",b46ac2f622bacbf36a6d9d0648c8f4eb2bbcf283902b4a189f041648c0065085,726,0.3190002344455436,0.10087469672991745,0.6742942148562245,0.26364498097314326,0.256198347107438
0124,discard,"Complementary forest and gradient-boosted model ensemble: prediction, boosted prediction weight0.25; original20tree forest depth3 plus30stage depth2 boosting; each independently train-only fit; RSI reversal retained. Friedman October2001 https://doi.org/10.1214/aos/1013203451 methodological source.",0e87e278048f194b1f6f9c9b6e751a1dbe6ba41e72c16ab1e78bdc67326d60ce,726,0.4725889398287486,0.14377961151634078,0.8703663331366279,0.21001668991695555,0.19559228650137742
0125,discard,"Complementary forest and gradient-boosted model ensemble: prediction, boosted prediction weight0.5; original20tree forest depth3 plus30stage depth2 boosting; each independently train-only fit; RSI reversal retained. Friedman October2001 https://doi.org/10.1214/aos/1013203451 methodological source.",38301aafd8534b9f3848841457c3b3de90d4c337d9f4f5f73dd2162def6b7967,726,0.3954694583637124,0.12262188671414265,0.7620942532276992,0.26868001204072844,0.21212121212121213
0126,discard,"Complementary forest and gradient-boosted model ensemble: prediction, boosted prediction weight0.75; original20tree forest depth3 plus30stage depth2 boosting; each independently train-only fit; RSI reversal retained. Friedman October2001 https://doi.org/10.1214/aos/1013203451 methodological source.",f47da4e6b0049de9dfd472cd76f64f97785bc72d7e7222aa571452f1aa4863e2,726,0.3946532280355648,0.12239391930622068,0.7703093365655056,0.2599164534738879,0.21212121212121213
0127,discard,"Complementary forest and gradient-boosted model ensemble: union, boosted prediction weight0; original20tree forest depth3 plus30stage depth2 boosting; each independently train-only fit; RSI reversal retained. Friedman October2001 https://doi.org/10.1214/aos/1013203451 methodological source.",da086214e4ebfee1c7e377cd525e06c7da551a2916ab37e45874dfeb76ef4af4,726,0.37432845751064603,0.11668903906027084,0.7120154079447001,0.2547795324124442,0.21487603305785125
0128,discard,"Complementary forest and gradient-boosted model ensemble: intersection, boosted prediction weight0; original20tree forest depth3 plus30stage depth2 boosting; each independently train-only fit; RSI reversal retained. Friedman October2001 https://doi.org/10.1214/aos/1013203451 methodological source.",a270d0b9042c66a9431eb399f7c4aa8ad3818d32dc995774a75c639597daf6a9,726,0.5663124704326463,0.1685404329274609,1.0405691432325204,0.17469624049222487,0.2066115702479339
0129,discard,"Complementary forest and gradient-boosted model ensemble: average, boosted prediction weight0; original20tree forest depth3 plus30stage depth2 boosting; each independently train-only fit; RSI reversal retained. Friedman October2001 https://doi.org/10.1214/aos/1013203451 methodological source.",132f2153ae9e5d9d053637cde14b8f1c879aaf5b351e12d40135f2b6875bc87a,726,0.4696512273766087,0.14298707903849084,0.887107871212111,0.21510763571719982,0.2110242042028254
0130,discard,"Continuous confidence sizing of forest: full exposure at predicted5day return0.0025, otherwise linear positive fraction; RSI reversal still100%. Hypothesis weak predictions merit less capital; fixed fit identical to0084.",e7227fbd9a157c50705e01668f30b11884f3e2cc21cff40711fb71fe965268da,726,0.37609259576293397,0.11718638245630064,0.8340826399115462,0.19268961042137644,0.23131495728287976
0131,discard,"Continuous confidence sizing of forest: full exposure at predicted5day return0.005, otherwise linear positive fraction; RSI reversal still100%. Hypothesis weak predictions merit less capital; fixed fit identical to0084.",2b9189bf6f121fc2305c0245356ea5a207c32854124dae9543ccf303118692b6,726,0.3643596572887884,0.11387078722367394,0.9148557427828428,0.13484939289342213,0.14521197661228707
0132,discard,"Forest signal persistence: enter after2consecutive forecasts above10bp, exit after1consecutive forecasts belowzero; RSI reversal unchanged. Hypothesis confirmed signals reduce transient model turnover; different from smoothing predictions or minimum holding time.",f572a2007d5788b9f8afa6b59e05dd72a49084daf8a6f55d37504874884f50eb,726,0.3777006942828163,0.11763937280178993,0.8145857625613732,0.1839949825866506,0.08264462809917356
0133,discard,"Forest signal persistence: enter after1consecutive forecasts above10bp, exit after2consecutive forecasts belowzero; RSI reversal unchanged. Hypothesis confirmed signals reduce transient model turnover; different from smoothing predictions or minimum holding time.",e02b865e9a2f36a1c5f8433f9ebbc6f11d1d1da51364165f94899ff4eaa20038,726,0.09915258328934962,0.0333597273084254,0.26545837034375586,0.2978537830572583,0.10743801652892562
0134,discard,"Forest signal persistence: enter after2consecutive forecasts above10bp, exit after2consecutive forecasts belowzero; RSI reversal unchanged. Hypothesis confirmed signals reduce transient model turnover; different from smoothing predictions or minimum holding time.",c870d9ba44841cedd0b75abd1e437ff03d45d7d24e28bbc46e5024ed69818ec6,726,-0.011276653838869,-0.003928709698956534,0.06953818999115713,0.27481870804261055,0.046831955922865015
0135,discard,"Forest signal persistence: enter after3consecutive forecasts above10bp, exit after1consecutive forecasts belowzero; RSI reversal unchanged. Hypothesis confirmed signals reduce transient model turnover; different from smoothing predictions or minimum holding time.",9edecf5912749780e6d65fb7938fed2e429681642a031a8f5ae302cefc9750b1,726,0.41857926280990343,0.12904048855474337,0.9339626583397442,0.14406584856313542,0.05785123966942149
0136,discard,"Two-sleeve staggered execution: half capital follows current combined forest/RSI signal and half previous signal; legal causal one-signal delay, total weight<=1. Hypothesis gradual transitions reduce unstable timing losses.",96328e93b4137c37d5070317d0513589d0c580543744df653592ea9dcd9fdc88,726,0.37395477623909246,0.11658363786917536,0.7412172951560559,0.18934269961220163,0.1311744050764147
0137,discard,"Conditional leaf-distribution forest: modequantile, quantile0.4, tail cutoff0; treewise normalized empirical bootstrap outcome weights, train-only5day labels. Quantile mode replaces mean signal and keeps RSI; tail mode gates combined exposure. Meinshausen June2006 https://www.jmlr.org/papers/v7/meinshausen06a.html inspires distributional risk rather than mean alone; adapted shallow forest.",a58aab75feecea2615f03d3d3aaeef89e7ac1d11a27ac4d28885155c98794568,726,0.2612046213784347,0.08388552201832011,0.8650410789434949,0.0986802709798611,0.01928374655647383
0138,discard,"Conditional leaf-distribution forest: modequantile, quantile0.5, tail cutoff0; treewise normalized empirical bootstrap outcome weights, train-only5day labels. Quantile mode replaces mean signal and keeps RSI; tail mode gates combined exposure. Meinshausen June2006 https://www.jmlr.org/papers/v7/meinshausen06a.html inspires distributional risk rather than mean alone; adapted shallow forest.",3eef5f0519fab6f51d08e284a0a99a268be8a6adbf4cb68a64b7416a364208f8,726,0.5514337835616296,0.16467546775224107,0.9579416920048013,0.19011773674435573,0.18732782369146006
0139,discard,"Conditional leaf-distribution forest: modetail, quantile0.1, tail cutoff-0.03; treewise normalized empirical bootstrap outcome weights, train-only5day labels. Quantile mode replaces mean signal and keeps RSI; tail mode gates combined exposure. Meinshausen June2006 https://www.jmlr.org/papers/v7/meinshausen06a.html inspires distributional risk rather than mean alone; adapted shallow forest.",78ae1ae36a076a92eff41e651c019ebfdf321c74f4ff5cf0ff67f1fe32cd227d,726,0.011455834929564812,0.00396162804307032,0.5640066297542686,0.0004999999999999449,0.0027548209366391185
0140,discard,"Conditional leaf-distribution forest: modetail, quantile0.1, tail cutoff-0.05; treewise normalized empirical bootstrap outcome weights, train-only5day labels. Quantile mode replaces mean signal and keeps RSI; tail mode gates combined exposure. Meinshausen June2006 https://www.jmlr.org/papers/v7/meinshausen06a.html inspires distributional risk rather than mean alone; adapted shallow forest.",aaefb9bc9c109e50f52b0856af000d815284db39c0a9eb681038de615e793cf3,726,0.5876591266133477,0.17404390878788423,1.0180235056443878,0.16772982417386717,0.21763085399449036
0141,discard,"Conditional leaf-distribution forest: modetail, quantile0.25, tail cutoff-0.01; treewise normalized empirical bootstrap outcome weights, train-only5day labels. Quantile mode replaces mean signal and keeps RSI; tail mode gates combined exposure. Meinshausen June2006 https://www.jmlr.org/papers/v7/meinshausen06a.html inspires distributional risk rather than mean alone; adapted shallow forest.",f5d012cb82b4d19fbeeee309e1e6fb2a172b28e7f8ab8260ff0e367761b4ec00,726,0.0,0.0,0.0,0.0,0
0142,discard,"Conditional leaf-distribution forest: modetail, quantile0.25, tail cutoff-0.02; treewise normalized empirical bootstrap outcome weights, train-only5day labels. Quantile mode replaces mean signal and keeps RSI; tail mode gates combined exposure. Meinshausen June2006 https://www.jmlr.org/papers/v7/meinshausen06a.html inspires distributional risk rather than mean alone; adapted shallow forest.",55783ebd073e5b2b81c798339073bbf885d5e5398e026f680d9441cd3d882dca,726,0.545497314907087,0.1631266258900852,0.9836519353258147,0.14924469400824458,0.26170798898071623
0143,discard,"Causal feature extension trend_persistence: distinguish persistence, volatility shape, candle pressure, signed volume or overnight versus intraday returns within120 supplied bars. Fixed forest5day horizon/depth3/minleaf120/20trees/seed711 and RSI union; no date features or validation fitting.",6473f0c0151475765da4fd36d041b0d450d97e28ad839c96225c44ff73df1802,726,0.16002852578403504,0.05287679594802075,0.37835573212892776,0.2276163841897526,0.10743801652892562
0144,discard,"Causal feature extension volatility_shape: distinguish persistence, volatility shape, candle pressure, signed volume or overnight versus intraday returns within120 supplied bars. Fixed forest5day horizon/depth3/minleaf120/20trees/seed711 and RSI union; no date features or validation fitting.",7ac8d34fe51a7da9226192a9801a64c6f953e5240ecad2a988df6cfca14d03c3,726,0.12976619608391582,0.043260414609729514,0.3230622112464423,0.25166627654097196,0.18732782369146006
0145,discard,"Causal feature extension candle_pressure: distinguish persistence, volatility shape, candle pressure, signed volume or overnight versus intraday returns within120 supplied bars. Fixed forest5day horizon/depth3/minleaf120/20trees/seed711 and RSI union; no date features or validation fitting.",b1d887af2243586d777ca67813c359bad1a76a3d0badc75568c05f30bd8a4e3d,726,0.2956529760977238,0.09407139512560514,0.6262531352122755,0.2023026966939201,0.162534435261708
0146,discard,"Causal feature extension volume_pressure: distinguish persistence, volatility shape, candle pressure, signed volume or overnight versus intraday returns within120 supplied bars. Fixed forest5day horizon/depth3/minleaf120/20trees/seed711 and RSI union; no date features or validation fitting.",e7963198ca0d748f60b9fd4ef731a702863baaec9d1908f52ec83f9177075bf2,726,0.16029887856018865,0.052961962801194584,0.3777470255250935,0.2212408147357282,0.15977961432506887
0147,discard,"Causal feature extension overnight_intraday: distinguish persistence, volatility shape, candle pressure, signed volume or overnight versus intraday returns within120 supplied bars. Fixed forest5day horizon/depth3/minleaf120/20trees/seed711 and RSI union; no date features or validation fitting.",fb069858623d99c9e0d3c5ad8375aae9f50d5e057202ab0af74bc2174b7a6172,726,0.22437770264190515,0.07279340102429721,0.4700812807159487,0.17556403226711415,0.09090909090909091
0148,keep,"Causal feature extension trend_and_volatility: distinguish persistence, volatility shape, candle pressure, signed volume or overnight versus intraday returns within120 supplied bars. Fixed forest5day horizon/depth3/minleaf120/20trees/seed711 and RSI union; no date features or validation fitting.",ba3bbd1ff33e763bd93c934a787b2a709489a2c1ce56bb9da93aed48179ab144,726,0.7823737667822332,0.22214727566656234,1.2958062507660895,0.14385805865041612,0.15151515151515152
0149,keep,"Causal feature extension all_five_groups: distinguish persistence, volatility shape, candle pressure, signed volume or overnight versus intraday returns within120 supplied bars. Fixed forest5day horizon/depth3/minleaf120/20trees/seed711 and RSI union; no date features or validation fitting.",31af21985583243e2ddc9223337688fffaa89637f5ad47f3d56d9a122b3d8829,726,0.8266178226190237,0.2325934615287173,1.2822191252928388,0.2122561904164223,0.14049586776859505
0150,discard,"Feature-group ablation of0149: removetrend_persistence indices15:21; retains remaining groups and original forest/RSI rules. Tests whether improvement needs this information; fixed seed711, no date features.",271d9cc0a4b2a6510cc7c2fd47b17283fa75ce8fbcb1d872a93787fe986cbea6,726,0.2464976402842478,0.07948153455542761,0.5008917511183634,0.22941752989961461,0.1487603305785124
0151,discard,"Feature-group ablation of0149: removevolatility_shape indices21:25; retains remaining groups and original forest/RSI rules. Tests whether improvement needs this information; fixed seed711, no date features.",21b0a82f1a381eacdc507a715895a21f609ff8a4262095afa1b55966656af07f,726,0.2830664878525402,0.0903704902301119,0.5844471218756867,0.2766378640971777,0.1349862258953168
0152,discard,"Feature-group ablation of0149: removecandle_pressure indices25:31; retains remaining groups and original forest/RSI rules. Tests whether improvement needs this information; fixed seed711, no date features.",383f6f1116c9fa3469ae4875b85422bb1e07fc88dc60b1a8ed2e501dd23d82ce,726,0.04742512064240545,0.016213214269596543,0.18036693358628442,0.30037891204586176,0.14600550964187328
0153,discard,"Feature-group ablation of0149: removevolume_pressure indices31:34; retains remaining groups and original forest/RSI rules. Tests whether improvement needs this information; fixed seed711, no date features.",23382665e0202e8fce2559d78a90239a88e9e79dcfd76332f8206308cfddc1e0,726,0.14514815367749456,0.04816903582410581,0.36359016599035254,0.24351714706048333,0.11019283746556474
0154,discard,"Feature-group ablation of0149: removeovernight_intraday indices34:40; retains remaining groups and original forest/RSI rules. Tests whether improvement needs this information; fixed seed711, no date features.",e783dc24287a8c95053cb2574780ce836eff73d4e2c4a2382fd5d5dd7c158653,726,0.27410054110086035,0.08771968145394426,0.5750899815345494,0.24259254244983053,0.18457300275482094
0155,discard,Forest ensemble stabilization: increase0148from20to60trees with unchanged seed711/depth3/leaf120/features and allocation. Tests whether feature-extension improvement persists with more bootstrap averaging.,16d14ce662ad28b9c4448d522b6f77ec6bfd4b02e86269a0e440085f6d8bc013,726,0.2721319536695812,0.08713603332449082,0.5425117492829947,0.21435307573905216,0.162534435261708
0156,discard,Forest ensemble stabilization: increase0149from20to60trees with unchanged seed711/depth3/leaf120/features and allocation. Tests whether feature-extension improvement persists with more bootstrap averaging.,6dd39b425c8e939ce5abca6b6f29fc4615259bf6ed54f85f824e714df45b1615,726,0.23779304347394037,0.07685895259546971,0.4862516441891597,0.19853480185354,0.08539944903581267
0157,discard,"Separate feature-view forests all_trend, aggregationprediction: each model20trees independently seeded711 and fit only2010-2019; combine predictions or persistent signals; common RSI reversal overlay. Hypothesis separate views complement each other without competing for individual tree split candidates.",a83fda39569ea31786fb7a1fb426d4f147d00eeae2ab37496760b37d50883592,726,0.7469382980350796,0.21365806218690953,1.2031599996350186,0.18284933989627572,0.12396694214876033
0158,discard,"Separate feature-view forests all_trend, aggregationunion: each model20trees independently seeded711 and fit only2010-2019; combine predictions or persistent signals; common RSI reversal overlay. Hypothesis separate views complement each other without competing for individual tree split candidates.",499365c4f1ef5a1dbcd8214cb52bed985d2d155ee235defcc7c9ae8cea991047,726,0.6778898128793989,0.19678754512769214,1.0622353736520165,0.18901447014401573,0.1487603305785124
0159,keep,"Separate feature-view forests all_trend, aggregationintersection: each model20trees independently seeded711 and fit only2010-2019; combine predictions or persistent signals; common RSI reversal overlay. Hypothesis separate views complement each other without competing for individual tree split candidates.",116a81a85ecd93ed9c28cec6cafd28d27566f85ab746bdfe69c3a2b4e4602d6a,726,0.9442488074877566,0.2595862521181662,1.5776268865428342,0.1438580586504158,0.13774104683195593
0160,discard,"Separate feature-view forests all_base, aggregationprediction: each model20trees independently seeded711 and fit only2010-2019; combine predictions or persistent signals; common RSI reversal overlay. Hypothesis separate views complement each other without competing for individual tree split candidates.",b6383cbf4b57ee37ea71c9879c0eff2c733af0b55c659fd3ce8c71a771adc90e,726,0.39352172634902005,0.12207775469738924,0.7483999703274176,0.25561201115436805,0.1487603305785124
0161,discard,"Separate feature-view forests three_models, aggregationprediction: each model20trees independently seeded711 and fit only2010-2019; combine predictions or persistent signals; common RSI reversal overlay. Hypothesis separate views complement each other without competing for individual tree split candidates.",9a6cccf5465819891dce38500d02cbe096e63aa821e623613a0c8d024c1f1e94,726,0.5745632532879126,0.17067337530151816,0.9733629253755719,0.18189253723113952,0.14600550964187328
0162,keep,"Separate feature-view forests three_models, aggregationmajority: each model20trees independently seeded711 and fit only2010-2019; combine predictions or persistent signals; common RSI reversal overlay. Hypothesis separate views complement each other without competing for individual tree split candidates.",69ea7213f0462f0ea5b9d9d5b4a53605455a5e37d7819b390641f05514016057,726,0.9469393408487881,0.26019101104081965,1.4450941878516175,0.1468632879161147,0.20110192837465565
0163,discard,"Separate feature-view forests five_specialists, aggregationprediction: each model20trees independently seeded711 and fit only2010-2019; combine predictions or persistent signals; common RSI reversal overlay. Hypothesis separate views complement each other without competing for individual tree split candidates.",a7df3de7759ca2abfa4438d6e6933d1c0588703679956aa06f896a438d39d925,726,0.22806714762359293,0.07391438376999271,0.4775752587850632,0.18303795621206997,0.1349862258953168
0164,discard,"Reversal overlay ablation on0162: remove_reversal. Forest fitting, feature views, entry10bp/exit0, and voting unchanged. Tests whether discretionary oversold override complements model consensus or adds unsupported exposure.",add1f49fc41c1e6e77d65eeb9a3d4ad9729b1edb56a09a6dcc1e012da942261f,726,0.8414138832853031,0.23604996803896627,1.3760604708170867,0.14380146694441676,0.2369146005509642
0165,discard,"Reversal overlay ablation on0162: half_reversal. Forest fitting, feature views, entry10bp/exit0, and voting unchanged. Tests whether discretionary oversold override complements model consensus or adds unsupported exposure.",1b04c921be6af04c71017d037abdf584f6ee1c20d2c540cdec01eb5c6ea14c45,726,0.8947990181338066,0.248372618056675,1.4245741406557246,0.14513106737413317,0.21914062297868575
0166,discard,"Reversal overlay ablation on0162: model_supported_reversal. Forest fitting, feature views, entry10bp/exit0, and voting unchanged. Tests whether discretionary oversold override complements model consensus or adds unsupported exposure.",dc4212bce11e7b518a6c22fe8d5299f5791fecee685345e73532f6ae9cd20a01,726,0.7940313950984519,0.22491596327636243,1.3011170422774545,0.1848377492031159,0.22038567493112948
0167,discard,"Reversal overlay ablation on0159: remove_reversal. Forest fitting, feature views, entry10bp/exit0, and voting unchanged. Tests whether discretionary oversold override complements model consensus or adds unsupported exposure.",f7b2b47acc0e99f6375f49e428dbddd71c294097540f0b889fad76f5cde49865,726,0.7322204241514774,0.2100990773716367,1.419928058192587,0.14091992673306275,0.15426997245179064
0168,discard,"Reversal overlay ablation on0159: half_reversal. Forest fitting, feature views, entry10bp/exit0, and voting unchanged. Tests whether discretionary oversold override complements model consensus or adds unsupported exposure.",8ea05ef0e7c5818f25416427c54e5bf094d3b9646a253c791bb482ea6ddf3131,726,0.8374742237937258,0.23513140113203534,1.5335795779773351,0.14238857170588515,0.14623073847102536
0169,discard,"Reversal overlay ablation on0159: model_supported_reversal. Forest fitting, feature views, entry10bp/exit0, and voting unchanged. Tests whether discretionary oversold override complements model consensus or adds unsupported exposure.",a259feb36a927fbf5f427b2fdb8708eb9c030ed2d3f57cc03f602aa93a3ff6b4,726,0.7915521697738723,0.22432813266036677,1.424713525693831,0.15435735602467138,0.15702479338842976
0170,discard,"Entry-cost buffer sensitivity on0162: model5day expected return must exceed0.0005; exit forecastbelowzero unchanged. Tests half-roundtrip versus double-roundtrip cost threshold, keeping features, fits, consensus and RSI overlay fixed.",94efb961acbaee10856e210a8775f3e754679546b1c7af877b78f417a7c03c2b,726,0.44630122040510734,0.13665065112996277,0.7889969768898479,0.25221956173131055,0.2231404958677686
0171,discard,"Entry-cost buffer sensitivity on0162: model5day expected return must exceed0.0020; exit forecastbelowzero unchanged. Tests half-roundtrip versus double-roundtrip cost threshold, keeping features, fits, consensus and RSI overlay fixed.",b38e91bf3059d68cf663402048c060f1bd809215726b8469b4c44a9c3a46683c,726,0.7283597985529637,0.20916225850636594,1.3115964603077728,0.15807100415004705,0.0881542699724518
0172,discard,"Entry-cost buffer sensitivity on0159: model5day expected return must exceed0.0005; exit forecastbelowzero unchanged. Tests half-roundtrip versus double-roundtrip cost threshold, keeping features, fits, consensus and RSI overlay fixed.",1dd10471c3ea12f00e9b91c0d8ded7f3d59a638522773ba9f7c7b4fe0040d0f5,726,0.7037573991374533,0.20315991112621035,1.1744223635368198,0.2376738655946814,0.20110192837465565
0173,discard,"Entry-cost buffer sensitivity on0159: model5day expected return must exceed0.0020; exit forecastbelowzero unchanged. Tests half-roundtrip versus double-roundtrip cost threshold, keeping features, fits, consensus and RSI overlay fixed.",72eddcfe722f36c76b150ea3f90b3a2f61a88a46a5e552acff616afa7bfdd25b,726,0.5381223302158125,0.16119705128860629,1.1154277425750483,0.1530443754940125,0.0743801652892562
0174,discard,"Consensus-proportional exposure: three independently fitted feature views each control one-third capital, with RSI override100%; replaces binary majority with graded exposure without leverage.",5bd0127cd4c4868432f1d863b631f20cb15b640979d18b7177bcf15defc294b5,726,0.7434684328507388,0.2128207698493767,1.2851708914051678,0.1420243512049838,0.16128888179917109
0175,discard,"Three-view unanimous consensus instead of majority: require all40-feature,25-feature and15-feature forests to be invested; RSI override remains. Hypothesis base-feature model can veto weak two-view agreement.",008add7d8b04936302577dedfe9c00c4e6733dcdbcfa9353941989eb397cd811,726,0.9136357795387413,0.2526664715936773,1.6215592435876214,0.11900255668405846,0.14049586776859505
0176,keep,"Interaction of reversal sleeve with fixed three-view majority forest: RSI14 entrybelow25, exitabove55, maximum20signal days. One-at-a-time changes around30/55/20 test earlier versus deeper oversold entry, rebound exit and time horizon; model features/labels/thresholds remain identical to0162.",484601a5655090ed08f8d4494211d98804caa63c55d3f18f80d9093834509440,726,0.9795494634541821,0.26747787990787364,1.5194603291164193,0.14672974373239533,0.23140495867768596
0177,discard,"Interaction of reversal sleeve with fixed three-view majority forest: RSI14 entrybelow35, exitabove55, maximum20signal days. One-at-a-time changes around30/55/20 test earlier versus deeper oversold entry, rebound exit and time horizon; model features/labels/thresholds remain identical to0162.",48f8d4142c1e5060c1b065bf102e291192b2d5a4c69b73931c6307ca28419b04,726,0.6704218152681334,0.19493591679912448,1.1002501295971663,0.20667531862929045,0.18457300275482094
0178,keep,"Interaction of reversal sleeve with fixed three-view majority forest: RSI14 entrybelow30, exitabove50, maximum20signal days. One-at-a-time changes around30/55/20 test earlier versus deeper oversold entry, rebound exit and time horizon; model features/labels/thresholds remain identical to0162.",13e74a9e5a0ca4b11533d6bf03abea26123b71ec5a27ee677567d1b11dec1ab0,726,1.0629732521988013,0.2857693436837274,1.574946920230546,0.1448806355574902,0.21763085399449036
