date,sp500
2020-01-02,296.125244141
2020-01-03,293.882904053
2020-01-06,295.004119873
2020-01-07,294.174621582
2020-01-08,295.742523193
2020-01-09,297.747833252
2020-01-10,296.890960693
2020-01-13,298.93270874
2020-01-14,298.477111816
2020-01-15,299.151519775
2020-01-16,301.640075684
2020-01-17,302.578887939
2020-01-21,301.986328125
2020-01-22,302.022796631
2020-01-23,302.369262695
2020-01-24,299.680206299
2020-01-27,294.876464844
2020-01-28,297.966552734
2020-01-29,297.720489502
2020-01-30,298.686645508
2020-01-31,293.263122559
2020-02-03,295.441619873
2020-02-04,299.944580078
2020-02-05,303.408294678
2020-02-06,304.429321289
2020-02-07,302.80670166
2020-02-10,305.06729126
2020-02-11,305.596008301
2020-02-12,307.564910889
2020-02-13,307.236602783
2020-02-14,307.728912354
2020-02-18,306.935913086
2020-02-19,308.403442383
2020-02-20,307.136444092
2020-02-21,303.973480225
2020-02-24,293.892089844
2020-02-25,284.986480713
2020-02-26,283.938293457
2020-02-27,271.186004639
2020-02-28,270.04675293
2020-03-02,281.741485596
2020-03-03,273.674621582
2020-03-04,285.177886963
2020-03-05,275.6980896
2020-03-06,271.140533447
2020-03-09,249.965927124
2020-03-10,262.900360107
2020-03-11,250.084396362
2020-03-12,226.157043457
2020-03-13,245.490402222
2020-03-16,218.627929688
2020-03-17,230.43208313
2020-03-18,218.764648438
2020-03-19,219.229598999
2020-03-20,209.782028198
2020-03-23,204.418197632
2020-03-24,222.939239502
2020-03-25,226.276657104
2020-03-26,239.488876343
2020-03-27,232.355560303
2020-03-30,239.901489258
2020-03-31,236.325683594
2020-04-01,225.68989563
2020-04-02,230.897720337
2020-04-03,227.560302734
2020-04-06,242.844696045
2020-04-07,243.092254639
2020-04-08,251.252502441
2020-04-09,255.07585144
2020-04-13,252.746994019
2020-04-14,260.201171875
2020-04-15,254.672485352
2020-04-16,255.901016235
2020-04-17,262.814422607
2020-04-20,258.184020996
2020-04-21,250.344680786
2020-04-22,255.901016235
2020-04-23,255.882568359
2020-04-24,259.44934082
2020-04-27,263.190246582
2020-04-28,261.979888916
2020-04-29,268.838195801
2020-04-30,266.335205078
2020-05-01,259.284332275
2020-05-04,259.999542236
2020-05-05,262.401763916
2020-05-06,260.622955322
2020-05-07,263.767822266
2020-05-08,268.132202148
2020-05-11,268.187255859
2020-05-12,262.841827393
2020-05-13,258.19317627
2020-05-14,261.283081055
2020-05-15,262.484130859
2020-05-18,270.4793396
2020-05-19,267.701263428
2020-05-20,272.248931885
2020-05-21,270.369354248
2020-05-22,270.8828125
2020-05-26,274.220336914
2020-05-27,278.300415039
2020-05-28,277.786895752
2020-05-29,279.024810791
2020-06-01,280.15246582
2020-06-02,282.472198486
2020-06-03,286.23135376
2020-06-04,285.479553223
2020-06-05,292.796295166
2020-06-08,296.335510254
2020-06-09,294.125701904
2020-06-10,292.48449707
2020-06-11,275.623046875
2020-06-12,278.923797607
2020-06-15,281.527770996
2020-06-16,286.946624756
2020-06-17,285.754638672
2020-06-18,285.864532471
2020-06-19,284.230895996
2020-06-22,286.054351807
2020-06-23,287.371185303
2020-06-24,280.040771484
2020-06-25,283.043029785
2020-06-26,276.320343018
2020-06-29,280.381500244
2020-06-30,283.973083496
2020-07-01,285.962280273
2020-07-02,287.536956787
2020-07-06,291.975830078
2020-07-07,288.964385986
2020-07-08,291.174621582
2020-07-09,289.516967773
2020-07-10,292.473144531
2020-07-13,289.940612793
2020-07-14,293.697967529
2020-07-15,296.396179199
2020-07-16,295.420043945
2020-07-17,296.276519775
2020-07-20,298.670928955
2020-07-21,299.306335449
2020-07-22,301.010009766
2020-07-23,297.418457031
2020-07-24,295.502960205
2020-07-27,297.657928467
2020-07-28,295.769989014
2020-07-29,299.407714844
2020-07-30,298.339385986
2020-07-31,300.696807861
2020-08-03,302.78729248
2020-08-04,303.95690918
2020-08-05,305.844726562
2020-08-06,307.889190674
2020-08-07,308.110198975
2020-08-10,309.031158447
2020-08-11,306.480133057
2020-08-12,310.753326416
2020-08-13,310.19152832
2020-08-14,310.200744629
2020-08-17,311.186126709
2020-08-18,311.85836792
2020-08-19,310.559844971
2020-08-20,311.526824951
2020-08-21,312.631988525
2020-08-24,315.79989624
2020-08-25,316.904998779
2020-08-26,320.082092285
2020-08-27,320.781982422
2020-08-28,322.854064941
2020-08-31,321.684509277
2020-09-01,324.714385986
2020-09-02,329.410980225
2020-09-03,318.074584961
2020-09-04,315.47756958
2020-09-08,306.857818604
2020-09-09,312.917449951
2020-09-10,307.483978271
2020-09-11,307.64050293
2020-09-14,311.692626953
2020-09-15,313.267364502
2020-09-16,312.024139404
2020-09-17,309.279785156
2020-09-18,305.719146729
2020-09-21,302.316589355
2020-09-22,305.39553833
2020-09-23,298.313110352
2020-09-24,299.10824585
2020-09-25,303.943908691
2020-09-28,308.992248535
2020-09-29,307.309417725
2020-09-30,309.639434814
2020-10-01,311.627288818
2020-10-02,308.668609619
2020-10-05,314.142303467
2020-10-06,309.676422119
2020-10-07,315.066925049
2020-10-08,317.859161377
2020-10-09,320.697662354
2020-10-12,325.856964111
2020-10-13,323.730407715
2020-10-14,321.69631958
2020-10-15,321.298736572
2020-10-16,321.104492188
2020-10-19,316.222625732
2020-10-20,317.489349365
2020-10-21,316.888336182
2020-10-22,318.626647949
2020-10-23,319.708374023
2020-10-26,313.800231934
2020-10-27,312.718383789
2020-10-28,302.029998779
2020-10-29,305.099609375
2020-10-30,301.919006348
2020-11-02,305.303161621
2020-11-03,310.693481445
2020-11-04,317.637329102
2020-11-05,323.83215332
2020-11-06,323.758117676
2020-11-09,327.826385498
2020-11-10,327.345581055
2020-11-11,329.777313232
2020-11-12,326.578155518
2020-11-13,331.099395752
2020-11-16,335.232452393
2020-11-17,333.429473877
2020-11-18,329.416687012
2020-11-19,330.803588867
2020-11-20,328.538269043
2020-11-23,330.507720947
2020-11-24,335.833435059
2020-11-25,335.315673828
2020-11-27,336.249481201
2020-11-30,334.760925293
2020-12-01,338.422241211
2020-12-02,339.134216309
2020-12-03,339.0418396
2020-12-04,341.963500977
2020-12-07,341.260803223
2020-12-08,342.259399414
2020-12-09,339.189788818
2020-12-10,339.078735352
2020-12-11,338.681152344
2020-12-14,337.164764404
2020-12-15,341.723114014
2020-12-16,342.259399414
2020-12-17,344.173278809
2020-12-18,342.799041748
2020-12-21,341.573364258
2020-12-22,340.997680664
2020-12-23,341.304077148
2020-12-24,342.631958008
2020-12-28,345.575439453
2020-12-29,344.916107178
2020-12-30,345.408203125
2020-12-31,347.163146973
2021-01-04,342.436950684
2021-01-05,344.795349121
2021-01-06,346.856719971
2021-01-07,352.010223389
2021-01-08,354.015869141
2021-01-11,351.629486084
2021-01-12,351.703735352
2021-01-13,352.650878906
2021-01-14,351.415924072
2021-01-15,348.853149414
2021-01-19,351.592407227
2021-01-20,356.45791626
2021-01-21,356.782897949
2021-01-22,355.520111084
2021-01-25,356.922149658
2021-01-26,356.365112305
2021-01-27,347.655303955
2021-01-28,350.645233154
2021-01-29,343.625427246
2021-02-01,349.345275879
2021-02-02,354.285064697
2021-02-03,354.563690186
2021-02-04,358.593505859
2021-02-05,360.004943848
2021-02-08,362.604919434
2021-02-09,362.363433838
2021-02-10,362.205627441
2021-02-11,362.790618896
2021-02-12,364.582641602
2021-02-16,364.266906738
2021-02-17,364.350524902
2021-02-18,362.799804688
2021-02-19,362.159118652
2021-02-22,359.373565674
2021-02-23,359.809997559
2021-02-24,363.774841309
2021-02-25,355.009307861
2021-02-26,353.180175781
2021-03-01,361.74130249
2021-03-02,358.918518066
2021-03-03,354.164459229
2021-03-04,349.781677246
2021-03-05,356.216522217
2021-03-08,354.443054199
2021-03-09,359.503509521
2021-03-10,361.74130249
2021-03-11,365.4090271
2021-03-12,365.901123047
2021-03-15,368.083282471
2021-03-16,367.61895752
2021-03-17,368.872436523
2021-03-18,363.505523682
2021-03-19,362.832885742
2021-03-22,365.730224609
2021-03-23,362.851501465
2021-03-24,361.007019043
2021-03-25,363.037902832
2021-03-26,368.888275146
2021-03-29,368.701934814
2021-03-30,367.723754883
2021-03-31,369.214233398
2021-04-01,373.201446533
2021-04-05,378.558074951
2021-04-06,378.334472656
2021-04-07,378.772338867
2021-04-08,380.5703125
2021-04-09,383.33706665
2021-04-12,383.476806641
2021-04-13,384.613372803
2021-04-14,383.299804688
2021-04-15,387.417449951
2021-04-16,388.712341309
2021-04-19,386.802490234
2021-04-20,383.970581055
2021-04-21,387.603668213
2021-04-22,384.063781738
2021-04-23,388.227966309
2021-04-26,389.038330078
2021-04-27,388.954559326
2021-04-28,388.842712402
2021-04-29,391.320739746
2021-04-30,388.749481201
2021-05-03,389.587982178
2021-05-04,387.184509277
2021-05-05,387.30569458
2021-05-06,390.398468018
2021-05-07,393.239807129
2021-05-10,389.345855713
2021-05-11,385.871002197
2021-05-12,377.673095703
2021-05-13,382.209838867
2021-05-14,388.078796387
2021-05-17,387.091308594
2021-05-18,383.756347656
2021-05-19,382.750183105
2021-05-20,386.867797852
2021-05-21,386.550964355
2021-05-24,390.491668701
2021-05-25,389.625244141
2021-05-26,390.398468018
2021-05-27,390.60345459
2021-05-28,391.302124023
2021-06-01,390.957427979
2021-06-02,391.57232666
2021-06-03,390.118988037
2021-06-04,393.687011719
2021-06-07,393.305053711
2021-06-08,393.388885498
2021-06-09,392.801940918
2021-06-10,394.627838135
2021-06-11,395.279998779
2021-06-14,396.164978027
2021-06-15,395.438262939
2021-06-16,393.23046875
2021-06-17,393.100097656
2021-06-18,387.79699707
2021-06-21,393.348693848
2021-06-22,395.451599121
2021-06-23,394.974945068
2021-06-24,397.311523438
2021-06-25,398.722808838
2021-06-28,399.526550293
2021-06-29,399.741485596
2021-06-30,400.078155518
2021-07-01,402.293151855
2021-07-02,405.367950439
2021-07-06,404.629730225
2021-07-07,406.059631348
2021-07-08,402.751068115
2021-07-09,407.050384521
2021-07-12,408.508361816
2021-07-13,407.115814209
2021-07-14,407.723358154
2021-07-15,406.330749512
2021-07-16,403.14364624
2021-07-19,397.190002441
2021-07-20,402.881896973
2021-07-21,406.143737793
2021-07-22,406.994262695
2021-07-23,411.181488037
2021-07-26,412.190795898
2021-07-27,410.312255859
2021-07-28,410.144012451
2021-07-29,411.845001221
2021-07-30,409.844909668
2021-08-02,408.985107422
2021-08-03,412.312316895
2021-08-04,410.284179688
2021-08-05,412.882507324
2021-08-06,413.564758301
2021-08-09,413.228363037
2021-08-10,413.74230957
2021-08-11,414.77041626
2021-08-12,416.013519287
2021-08-13,416.770599365
2021-08-16,417.75189209
2021-08-17,415.013427734
2021-08-18,410.471099854
2021-08-19,411.106567383
2021-08-20,414.377838135
2021-08-23,418.022949219
2021-08-24,418.686553955
2021-08-25,419.565155029
2021-08-26,417.088348389
2021-08-27,420.817443848
2021-08-30,422.66809082
2021-08-31,422.0418396
2021-09-01,422.266143799
2021-09-02,423.565368652
2021-09-03,423.462493896
2021-09-07,421.948425293
2021-09-08,421.434387207
2021-09-09,419.630523682
2021-09-10,416.321960449
2021-09-13,417.387390137
2021-09-14,415.134918213
2021-09-15,418.602416992
2021-09-16,417.938751221
2021-09-17,413.867706299
2021-09-20,406.966766357
2021-09-21,406.582336426
2021-09-22,410.548461914
2021-09-23,415.536651611
2021-09-24,416.221038818
2021-09-27,415.030273438
2021-09-28,406.666595459
2021-09-29,407.351104736
2021-09-30,402.372436523
2021-10-01,407.154296875
2021-10-04,401.903533936
2021-10-05,406.085418701
2021-10-06,407.773101807
2021-10-07,411.298675537
2021-10-08,410.548461914
2021-10-11,407.57623291
2021-10-12,406.572967529
2021-10-13,408.035552979
2021-10-14,414.899047852
2021-10-15,418.058807373
2021-10-18,419.296478271
2021-10-19,422.531341553
2021-10-20,424.190917969
2021-10-21,425.297332764
2021-10-22,424.8565979
2021-10-25,427.135009766
2021-10-26,427.519439697
2021-10-27,425.625549316
2021-10-28,429.732299805
2021-10-29,430.604248047
2021-11-01,431.344940186
2021-11-02,433.089019775
2021-11-03,435.733093262
2021-11-04,437.786499023
2021-11-05,439.305480957
2021-11-08,439.680480957
2021-11-09,438.227203369
2021-11-10,434.701721191
2021-11-11,434.842315674
2021-11-12,438.124023438
2021-11-15,438.274078369
2021-11-16,440.00869751
2021-11-17,438.939788818
2021-11-18,440.430603027
2021-11-19,439.643035889
2021-11-22,438.405334473
2021-11-23,438.986633301
2021-11-24,440.158599854
2021-11-26,430.34173584
2021-11-29,435.620574951
2021-11-30,427.144439697
2021-12-01,422.400054932
2021-12-02,428.869628906
2021-12-03,425.137939453
2021-12-06,430.172912598
2021-12-07,439.071014404
2021-12-08,440.233703613
2021-12-09,437.261413574
2021-12-10,441.377563477
2021-12-13,437.467681885
2021-12-14,434.457855225
2021-12-15,441.246368408
2021-12-16,437.355224609
2021-12-17,432.700469971
2021-12-20,428.099395752
2021-12-21,435.701965332
2021-12-22,440.058410645
2021-12-23,442.796508789
2021-12-27,449.063110352
2021-12-28,448.696044922
2021-12-29,449.270050049
2021-12-30,448.028045654
2021-12-31,446.898956299
2022-01-03,449.486480713
2022-01-04,449.3359375
2022-01-05,440.707641602
2022-01-06,440.293640137
2022-01-07,438.552978516
2022-01-10,438.007263184
2022-01-11,441.996765137
2022-01-12,443.191680908
2022-01-13,437.085205078
2022-01-14,437.263946533
2022-01-18,429.520172119
2022-01-19,425.060211182
2022-01-20,420.35559082
2022-01-21,412.103729248
2022-01-24,413.853820801
2022-01-25,408.801086426
2022-01-26,407.775482178
2022-01-27,405.761993408
2022-01-28,415.839172363
2022-01-31,423.328887939
2022-02-01,426.18927002
2022-02-02,430.329284668
2022-02-03,420.214538574
2022-02-04,422.190368652
2022-02-07,420.835388184
2022-02-08,424.298126221
2022-02-09,430.508209229
2022-02-10,422.773773193
2022-02-11,414.437225342
2022-02-14,413.082305908
2022-02-15,419.74407959
2022-02-16,420.214538574
2022-02-17,411.238128662
2022-02-18,408.575317383
2022-02-22,404.190612793
2022-02-23,397.020843506
2022-02-24,402.995605469
2022-02-25,411.887298584
2022-02-28,410.833404541
2022-03-01,404.576385498
2022-03-02,412.019073486
2022-03-03,409.967834473
2022-03-04,406.636993408
2022-03-07,394.649688721
2022-03-08,391.657623291
2022-03-09,402.158233643
2022-03-10,400.342285156
2022-03-11,395.25189209
2022-03-14,392.363189697
2022-03-15,400.991485596
2022-03-16,409.883148193
2022-03-17,415.011169434
2022-03-18,419.556732178
2022-03-21,419.434051514
2022-03-22,424.34197998
2022-03-23,418.877075195
2022-03-24,425.191436768
2022-03-25,427.267913818
2022-03-28,430.307067871
2022-03-29,435.630310059
2022-03-30,432.940429688
2022-03-31,426.276855469
2022-04-01,427.485015869
2022-04-04,431.147094727
2022-04-05,425.70111084
2022-04-06,421.44442749
2022-04-07,423.567993164
2022-04-08,422.435455322
2022-04-11,415.215118408
2022-04-12,413.676574707
2022-04-13,418.414703369
2022-04-14,413.204681396
2022-04-18,413.374542236
2022-04-19,420.047485352
2022-04-20,419.736053467
2022-04-21,413.459411621
2022-04-22,402.114501953
2022-04-25,404.445861816
2022-04-26,392.732727051
2022-04-27,393.837005615
2022-04-28,403.785064697
2022-04-29,388.862976074
2022-05-02,391.203735352
2022-05-03,392.997009277
2022-05-04,404.964904785
2022-05-05,390.571228027
2022-05-06,388.240020752
2022-05-09,375.809631348
2022-05-10,376.677947998
2022-05-11,370.694000244
2022-05-12,370.307037354
2022-05-13,379.160247803
2022-05-16,377.621856689
2022-05-17,385.38961792
2022-05-18,369.853942871
2022-05-19,367.58883667
2022-05-20,367.749206543
2022-05-23,374.629852295
2022-05-24,371.769958496
2022-05-25,375.054595947
2022-05-26,382.548675537
2022-05-27,391.939880371
2022-05-31,389.740753174
2022-06-01,386.588256836
2022-06-02,393.950286865
2022-06-03,387.484985352
2022-06-06,388.664794922
2022-06-07,392.392913818
2022-06-08,388.126708984
2022-06-09,378.895965576
2022-06-10,367.909576416
2022-06-13,353.940826416
2022-06-14,352.874328613
2022-06-15,357.904968262
2022-06-16,346.059692383
2022-06-17,346.805786133
2022-06-21,355.536071777
2022-06-22,354.89151001
2022-06-23,358.370361328
2022-06-24,369.764282227
2022-06-27,368.351898193
2022-06-28,360.825531006
2022-06-29,360.531677246
2022-06-30,357.602539062
2022-07-01,361.384765625
2022-07-05,362.067260742
2022-07-06,363.290039062
2022-07-07,368.731201172
2022-07-08,368.42779541
2022-07-11,364.219024658
2022-07-12,360.996124268
2022-07-13,359.100311279
2022-07-14,358.228118896
2022-07-15,365.072143555
2022-07-18,362.057769775
2022-07-19,371.840332031
2022-07-20,374.210144043
2022-07-21,378.020782471
2022-07-22,374.513427734
2022-07-25,374.968444824
2022-07-26,370.532196045
2022-07-27,380.153533936
2022-07-28,384.921600342
2022-07-29,390.533294678
2022-08-01,389.376800537
2022-08-02,386.807952881
2022-08-03,392.865142822
2022-08-04,392.599731445
2022-08-05,391.936126709
2022-08-08,391.481140137
2022-08-09,389.926635742
2022-08-10,398.116607666
2022-08-11,398.116607666
2022-08-12,404.85635376
2022-08-15,406.524627686
2022-08-16,407.320953369
2022-08-17,404.429718018
2022-08-18,405.605194092
2022-08-19,400.154724121
2022-08-22,391.822479248
2022-08-23,390.874511719
2022-08-24,392.125732422
2022-08-25,397.661621094
2022-08-26,384.201171875
2022-08-29,381.660797119
2022-08-30,377.470916748
2022-08-31,374.5987854
2022-09-01,375.774200439
2022-09-02,371.811828613
2022-09-06,370.408996582
2022-09-07,377.063354492
2022-09-08,379.527893066
2022-09-09,385.42401123
2022-09-12,389.56640625
2022-09-13,372.627105713
2022-09-14,374.04888916
2022-09-15,369.802246094
2022-09-16,366.981140137
2022-09-19,369.827026367
2022-09-20,365.58190918
2022-09-21,359.204833984
2022-09-22,356.187530518
2022-09-23,350.219726562
2022-09-26,346.7550354
2022-09-27,345.869934082
2022-09-28,352.675292969
2022-09-29,345.308319092
2022-09-30,339.968658447
2022-10-03,348.944244385
2022-10-04,359.756774902
2022-10-05,358.919219971
2022-10-06,355.216674805
2022-10-07,345.308319092
2022-10-10,342.671783447
2022-10-11,340.501617432
2022-10-12,339.378509521
2022-10-13,348.335113525
2022-10-14,340.396972656
2022-10-17,349.144073486
2022-10-18,353.246490479
2022-10-19,350.743133545
2022-10-20,347.802062988
2022-10-21,356.254150391
2022-10-24,360.613433838
2022-10-25,366.371948242
2022-10-26,363.611663818
2022-10-27,361.669952393
2022-10-28,370.274383545
2022-10-31,367.59979248
2022-11-01,365.991210938
2022-11-02,356.806182861
2022-11-03,353.132202148
2022-11-04,358.214904785
2022-11-07,361.641418457
2022-11-08,363.592590332
2022-11-09,356.101867676
2022-11-10,375.671142578
2022-11-11,379.307067871
2022-11-14,376.080444336
2022-11-15,379.287994385
2022-11-16,376.394561768
2022-11-17,375.242828369
2022-11-18,376.946533203
2022-11-21,375.575958252
2022-11-22,380.630096436
2022-11-23,383.028656006
2022-11-25,382.942962646
2022-11-28,376.832366943
2022-11-29,376.185150146
2022-11-30,388.035186768
2022-12-01,387.749633789
2022-12-02,387.302276611
2022-12-05,380.335083008
2022-12-06,374.85256958
2022-12-07,374.214813232
2022-12-08,377.14642334
2022-12-09,374.329071045
2022-12-12,379.725860596
2022-12-13,382.600341797
2022-12-14,380.154205322
2022-12-15,370.854949951
2022-12-16,366.4765625
2022-12-19,363.369018555
2022-12-20,363.866210938
2022-12-21,369.306976318
2022-12-22,364.038330078
2022-12-23,366.132385254
2022-12-27,364.688537598
2022-12-28,360.156219482
2022-12-29,366.639099121
2022-12-30,365.673431396
2023-01-03,364.13394165
2023-01-04,366.945129395
2023-01-05,362.757019043
2023-01-06,371.075805664
2023-01-09,370.865509033
2023-01-10,373.466339111
2023-01-11,378.189819336
2023-01-12,379.566711426
2023-01-13,381.039306641
2023-01-17,380.341278076
2023-01-18,374.336456299
2023-01-19,371.611328125
2023-01-20,378.5340271
2023-01-23,383.075958252
2023-01-24,382.664825439
2023-01-25,382.808288574
2023-01-26,387.015380859
2023-01-27,387.904693604
2023-01-30,383.037719727
2023-01-31,388.669647217
2023-02-01,392.800323486
2023-02-02,398.518310547
2023-02-03,394.282440186
2023-02-06,391.87286377
2023-02-07,396.997955322
2023-02-08,392.656890869
2023-02-09,389.252929688
2023-02-10,390.161254883
2023-02-13,394.741424561
2023-02-14,394.5597229
2023-02-15,395.841003418
2023-02-16,390.390808105
2023-02-17,389.415466309
2023-02-21,381.603424072
2023-02-22,381.077575684
2023-02-23,383.104614258
2023-02-24,379.012207031
2023-02-27,380.303039551
2023-02-28,378.897460938
2023-03-01,377.444030762
2023-03-02,380.379577637
2023-03-03,386.480041504
2023-03-06,386.747711182
2023-03-07,380.819366455
2023-03-08,381.440887451
2023-03-09,374.40335083
2023-03-10,369.000976562
2023-03-13,368.475006104
2023-03-14,374.565917969
2023-03-15,372.223297119
2023-03-16,378.753997803
2023-03-17,374.325286865
2023-03-20,377.924743652
2023-03-21,382.887054443
2023-03-22,376.360198975
2023-03-23,377.377624512
2023-03-24,379.853973389
2023-03-27,380.564208984
2023-03-28,379.710021973
2023-03-29,385.229064941
2023-03-30,387.484649658
2023-03-31,392.946105957
2023-04-03,394.443481445
2023-04-04,392.2550354
2023-04-05,391.228027344
2023-04-06,392.754180908
2023-04-10,393.15725708
2023-04-11,393.262817383
2023-04-12,391.659912109
2023-04-13,396.862213135
2023-04-14,395.892791748
2023-04-17,397.313323975
2023-04-18,397.572479248
2023-04-19,397.505340576
2023-04-20,395.336181641
2023-04-21,395.643188477
2023-04-24,396.055999756
2023-04-25,389.769104004
2023-04-26,388.11819458
2023-04-27,395.844818115
2023-04-28,399.223480225
2023-05-01,398.820343018
2023-05-02,394.337890625
2023-05-03,391.631134033
2023-05-04,388.857208252
2023-05-05,396.055999756
2023-05-08,396.161560059
2023-05-09,394.424224854
2023-05-10,396.267120361
2023-05-11,395.576049805
2023-05-12,395.057800293
2023-05-15,396.420715332
2023-05-16,393.77154541
2023-05-17,398.551544189
2023-05-18,402.390869141
2023-05-19,401.805358887
2023-05-22,401.968566895
2023-05-23,397.457336426
2023-05-24,394.577819824
2023-05-25,397.994812012
2023-05-26,403.149108887
2023-05-30,403.30267334
2023-05-31,401.06628418
2023-06-01,404.876800537
2023-06-02,410.731842041
2023-06-05,409.944793701
2023-06-06,410.837493896
2023-06-07,409.416809082
2023-06-08,411.893218994
2023-06-09,412.632263184
2023-06-12,416.375640869
2023-06-13,419.120758057
2023-06-14,419.619842529
2023-06-15,424.822235107
2023-06-16,423.37512207
2023-06-20,421.17855835
2023-06-21,419.02053833
2023-06-22,420.533111572
2023-06-23,417.353851318
2023-06-26,415.648681641
2023-06-27,420.205627441
2023-06-28,420.417510986
2023-06-29,422.074523926
2023-06-30,427.055358887
2023-07-03,427.546630859
2023-07-05,426.910858154
2023-07-06,423.567840576
2023-07-07,422.498413086
2023-07-10,423.567840576
2023-07-11,426.265319824
2023-07-12,429.695098877
2023-07-13,433.105499268
2023-07-14,432.835784912
2023-07-17,434.338653564
2023-07-18,437.566009521
2023-07-19,438.539031982
2023-07-20,435.629608154
2023-07-21,435.629608154
2023-07-24,437.575683594
2023-07-25,438.770202637
2023-07-26,438.837738037
2023-07-27,435.928222656
2023-07-28,440.196105957
2023-07-31,441.03414917
2023-08-01,439.772186279
2023-08-02,433.654632568
2023-08-03,432.411834717
2023-08-04,430.456115723
2023-08-07,434.213409424
2023-08-08,432.325134277
2023-08-09,429.434906006
2023-08-10,429.589111328
2023-08-11,429.338592529
2023-08-14,431.708526611
2023-08-15,426.679626465
2023-08-16,423.548583984
2023-08-17,420.32119751
2023-08-18,420.523468018
2023-08-21,423.259521484
2023-08-22,422.113067627
2023-08-23,426.81451416
2023-08-24,420.899261475
2023-08-25,423.866455078
2023-08-28,426.554382324
2023-08-29,432.720153809
2023-08-30,434.502410889
2023-08-31,433.866516113
2023-09-01,434.675811768
2023-09-05,432.797180176
2023-09-06,429.887664795
2023-09-07,428.567901611
2023-09-08,429.213287354
2023-09-11,432.036132812
2023-09-12,429.666107178
2023-09-13,430.16708374
2023-09-14,433.87612915
2023-09-15,428.648712158
2023-09-18,428.900054932
2023-09-19,428.010620117
2023-09-20,424.075775146
2023-09-21,417.066497803
2023-09-22,416.128723145
2023-09-25,417.878540039
2023-09-26,411.739440918
2023-09-27,411.903808594
2023-09-28,414.291778564
2023-09-29,413.2862854
2023-10-02,413.12197876
2023-10-03,407.59185791
2023-10-04,410.559936523
2023-10-05,410.40524292
2023-10-06,415.277954102
2023-10-09,417.936553955
2023-10-10,420.111846924
2023-10-11,421.832733154
2023-10-12,419.261108398
2023-10-13,417.17288208
2023-10-16,421.562103271
2023-10-17,421.542785645
2023-10-18,415.925689697
2023-10-19,412.271179199
2023-10-20,407.205200195
2023-10-23,406.499389648
2023-10-24,409.564117432
2023-10-25,403.686035156
2023-10-26,398.852020264
2023-10-27,397.044128418
2023-10-30,401.79107666
2023-10-31,404.314453125
2023-11-01,408.626342773
2023-11-02,416.457427979
2023-11-03,420.256958008
2023-11-06,421.223693848
2023-11-07,422.422576904
2023-11-08,422.731903076
2023-11-09,419.435180664
2023-11-10,425.980316162
2023-11-13,425.574310303
2023-11-14,433.830780029
2023-11-15,434.749176025
2023-11-16,435.280914307
2023-11-17,435.82232666
2023-11-20,439.177124023
2023-11-21,438.220001221
2023-11-22,439.911865234
2023-11-24,440.182617188
2023-11-27,439.389862061
2023-11-28,439.824890137
2023-11-29,439.515472412
2023-11-30,441.246063232
2023-12-01,443.856445312
2023-12-04,441.52645874
2023-12-05,441.439453125
2023-12-06,439.660522461
2023-12-07,443.015319824
2023-12-08,444.919891357
2023-12-11,446.650482178
2023-12-12,448.690368652
2023-12-13,454.87789917
2023-12-14,456.337799072
2023-12-15,455.586425781
2023-12-18,458.149169922
2023-12-19,460.935119629
2023-12-20,454.54776001
2023-12-21,458.857788086
2023-12-22,459.779907227
2023-12-26,461.721313477
2023-12-27,462.556182861
2023-12-28,462.730895996
2023-12-29,461.391296387
2024-01-02,458.809204102
2024-01-03,455.062225342
2024-01-04,453.596435547
2024-01-05,454.21774292
2024-01-08,460.702178955
2024-01-09,460.003204346
2024-01-10,462.604675293
2024-01-11,462.400939941
2024-01-12,462.721160889
2024-01-16,461.022399902
2024-01-17,458.459747314
2024-01-18,462.536712646
2024-01-19,468.30279541
2024-01-22,469.292907715
2024-01-23,470.661621094
2024-01-24,471.176116943
2024-01-25,473.738830566
2024-01-26,473.137054443
2024-01-29,476.883972168
2024-01-30,476.515075684
2024-01-31,468.739685059
2024-02-01,474.874542236
2024-02-02,479.873779297
2024-02-05,478.126464844
2024-02-06,479.51461792
2024-02-07,483.513916016
2024-02-08,483.727539062
2024-02-09,486.523193359
2024-02-12,486.309631348
2024-02-13,479.611633301
2024-02-14,483.970275879
2024-02-15,487.30947876
2024-02-16,484.88269043
2024-02-20,482.213165283
2024-02-21,482.649993896
2024-02-22,492.638671875
2024-02-23,492.978424072
2024-02-26,491.172851562
2024-02-27,492.085327148
2024-02-28,491.434997559
2024-02-29,493.201660156
2024-03-01,497.831970215
2024-03-04,497.298156738
2024-03-05,492.32800293
2024-03-06,494.822814941
2024-03-07,499.734619141
2024-03-08,496.735107422
2024-03-11,496.308013916
2024-03-12,501.647003174
2024-03-13,500.860656738
2024-03-14,499.870574951
2024-03-15,496.438110352
2024-03-18,499.388519287
2024-03-19,502.163696289
2024-03-20,506.808349609
2024-03-21,508.483184814
2024-03-22,507.519256592
2024-03-25,506.11706543
2024-03-26,505.182250977
2024-03-27,509.42767334
2024-03-28,509.330383301
2024-04-01,508.444213867
2024-04-02,505.211517334
2024-04-03,505.766479492
2024-04-04,499.592987061
2024-04-05,504.812194824
2024-04-08,505.094512939
2024-04-09,505.678924561
2024-04-10,500.615447998
2024-04-11,504.393463135
2024-04-12,497.431365967
2024-04-15,491.199432373
2024-04-16,490.303649902
2024-04-17,487.401885986
2024-04-18,486.398925781
2024-04-19,482.153503418
2024-04-22,486.593719482
2024-04-23,492.367919922
2024-04-24,492.134216309
2024-04-25,490.264678955
2024-04-26,494.909332275
2024-04-29,496.66204834
2024-04-30,488.794311523
2024-05-01,487.20715332
2024-05-02,491.764221191
2024-05-03,497.859832764
2024-05-06,503.001098633
2024-05-07,503.556152344
2024-05-08,503.604766846
2024-05-09,506.506469727
2024-05-10,507.158996582
2024-05-13,507.227050781
2024-05-14,509.554321289
2024-05-15,515.864196777
2024-05-16,514.80267334
2024-05-17,515.542785645
2024-05-20,516.136779785
2024-05-21,517.402648926
2024-05-22,515.912780762
2024-05-23,512.144470215
2024-05-24,515.53302002
2024-05-28,515.893310547
2024-05-29,512.280761719
2024-05-30,508.882446289
2024-05-31,513.517333984
2024-06-03,513.936035156
2024-06-04,514.510559082
2024-06-05,520.625610352
2024-06-06,520.615966797
2024-06-07,519.982971191
2024-06-10,521.589538574
2024-06-11,522.845703125
2024-06-12,527.139953613
2024-06-13,528.20135498
2024-06-14,528.522705078
2024-06-17,532.729187012
2024-06-18,534.082641602
2024-06-20,532.631774902
2024-06-21,531.917724609
2024-06-24,530.188598633
2024-06-25,532.23034668
2024-06-26,532.894592285
2024-06-27,533.734619141
2024-06-28,531.634338379
2024-07-01,532.728515625
2024-07-02,536.313598633
2024-07-03,538.706970215
2024-07-05,541.813354492
2024-07-08,542.438720703
2024-07-09,542.966186523
2024-07-10,548.339050293
2024-07-11,543.610778809
2024-07-12,547.039733887
2024-07-15,548.544128418
2024-07-16,551.797058105
2024-07-17,544.060180664
2024-07-18,539.879211426
2024-07-19,536.294067383
2024-07-22,541.823242188
2024-07-23,540.973327637
2024-07-24,528.713500977
2024-07-25,525.958740234
2024-07-26,531.849304199
2024-07-29,532.16192627
2024-07-30,529.465698242
2024-07-31,538.072021484
2024-08-01,530.452392578
2024-08-02,520.57623291
2024-08-05,505.415161133
2024-08-06,510.074890137
2024-08-07,506.665435791
2024-08-08,518.378234863
2024-08-09,520.6640625
2024-08-12,520.93762207
2024-08-13,529.504760742
2024-08-14,531.175292969
2024-08-15,540.279724121
2024-08-16,541.490966797
2024-08-19,546.668518066
2024-08-20,545.779602051
2024-08-21,547.655151367
2024-08-22,543.356872559
2024-08-23,549.130187988
2024-08-26,547.821228027
2024-08-27,548.573425293
2024-08-28,545.388793945
2024-08-29,545.437561035
2024-08-30,550.644348145
2024-09-03,539.312683105
2024-09-04,538.208740234
2024-09-05,536.899719238
2024-09-06,527.863769531
2024-09-09,533.773681641
2024-09-10,536.098754883
2024-09-11,541.598449707
2024-09-12,546.160461426
2024-09-13,549.012878418
2024-09-16,549.823730469
2024-09-17,550.048461914
2024-09-18,548.417114258
2024-09-19,557.775634766
2024-09-20,556.811340332
2024-09-23,558.202758789
2024-09-24,559.799987793
2024-09-25,558.565307617
2024-09-26,560.779785156
2024-09-27,559.966491699
2024-09-30,562.210449219
2024-10-01,557.173828125
2024-10-02,557.409057617
2024-10-03,556.390014648
2024-10-04,561.446166992
2024-10-07,556.370361328
2024-10-08,561.632324219
2024-10-09,565.522460938
2024-10-10,564.532714844
2024-10-11,567.913269043
2024-10-14,572.557922363
2024-10-15,568.109313965
2024-10-16,570.578613281
2024-10-17,570.627502441
2024-10-18,572.822509766
2024-10-21,571.881774902
2024-10-22,571.577941895
2024-10-23,566.355224609
2024-10-24,567.580078125
2024-10-25,567.384094238
2024-10-28,569.138061523
2024-10-29,570.059204102
2024-10-30,568.334594727
2024-10-31,557.19342041
2024-11-01,559.545288086
2024-11-04,558.339904785
2024-11-05,565.091247559
2024-11-06,579.14263916
2024-11-07,583.620544434
2024-11-08,586.148681641
2024-11-11,586.707214355
2024-11-12,584.88458252
2024-11-13,585.168762207
2024-11-14,581.40612793
2024-11-15,573.959106445
2024-11-18,576.310791016
2024-11-19,578.417541504
2024-11-20,578.613464355
2024-11-21,581.719604492
2024-11-22,583.522644043
2024-11-25,585.501953125
2024-11-26,588.559143066
2024-11-27,586.775817871
2024-11-29,590.420959473
2024-12-02,591.479125977
2024-12-03,591.753479004
2024-12-04,595.42791748
2024-12-05,594.448059082
2024-12-06,595.575073242
2024-12-09,592.507995605
2024-12-10,590.665893555
2024-12-11,595.232055664
2024-12-12,592.165100098
2024-12-13,592.047485352
2024-12-16,594.575500488
2024-12-17,592.125915527
2024-12-18,574.478393555
2024-12-19,574.302001953
2024-12-20,581.200012207
2024-12-23,584.680358887
2024-12-24,591.179077148
2024-12-26,591.218383789
2024-12-27,584.994995117
2024-12-30,578.319213867
2024-12-31,576.215332031
2025-01-02,574.799499512
2025-01-03,581.986450195
2025-01-06,585.339050293
2025-01-07,578.722351074
2025-01-08,579.567871094
2025-01-10,570.719299316
2025-01-13,571.604248047
2025-01-14,572.39074707
2025-01-15,582.802490234
2025-01-16,581.68170166
2025-01-17,587.521789551
2025-01-21,592.899536133
2025-01-22,596.23260498
2025-01-23,599.486755371
2025-01-24,597.736755371
2025-01-27,589.281616211
2025-01-28,594.344909668
2025-01-29,591.680541992
2025-01-30,594.856079102
2025-01-31,591.690307617
2025-02-03,587.708496094
2025-02-04,591.651062012
2025-02-05,594.049987793
2025-02-06,596.114624023
2025-02-07,590.658081055
2025-02-10,594.669311523
2025-02-11,595.121582031
2025-02-12,593.204467773
2025-02-13,599.467102051
2025-02-14,599.437744141
2025-02-18,601.197570801
2025-02-19,602.61340332
2025-02-20,600.106262207
2025-02-21,589.842102051
2025-02-24,587.157958984
2025-02-25,584.237915039
2025-02-26,584.532836914
2025-02-27,575.202575684
2025-02-28,584.178955078
2025-03-03,573.944213867
2025-03-04,567.15045166
2025-03-05,573.246032715
2025-03-06,563.0703125
2025-03-07,566.226196289
2025-03-10,551.14453125
2025-03-11,546.562866211
2025-03-12,549.463195801
2025-03-13,542.13861084
2025-03-14,553.336975098
2025-03-17,557.603881836
2025-03-18,551.577087402
2025-03-19,557.58416748
2025-03-20,555.971862793
2025-03-21,556.155273438
2025-03-24,566.11517334
2025-03-25,567.476013184
2025-03-26,560.70135498
2025-03-27,559.212280273
2025-03-28,547.950683594
2025-03-31,551.62890625
2025-04-01,553.187011719
2025-04-02,556.687744141
2025-04-03,529.253723145
2025-04-04,498.269714355
2025-04-07,497.382202148
2025-04-08,489.591796875
2025-04-09,541.008361816
2025-04-10,517.301940918
2025-04-11,526.532043457
2025-04-14,531.640197754
2025-04-15,530.151123047
2025-04-16,518.367004395
2025-04-17,519.106506348
2025-04-21,506.750366211
2025-04-22,519.934875488
2025-04-23,527.991455078
2025-04-24,539.105163574
2025-04-25,543.000305176
2025-04-28,543.207397461
2025-04-29,546.629333496
2025-04-30,546.846252441
2025-05-01,550.721679688
2025-05-02,558.89666748
2025-05-05,555.691833496
2025-05-06,551.047119141
2025-05-07,553.364562988
2025-05-08,557.220336914
2025-05-09,556.510314941
2025-05-12,574.901489258
2025-05-13,578.698120117
2025-05-14,579.437744141
2025-05-15,582.267883301
2025-05-16,585.955993652
2025-05-19,586.596923828
2025-05-20,584.624694824
2025-05-21,574.77331543
2025-05-22,575.00012207
2025-05-23,571.075317383
2025-05-27,582.948364258
2025-05-28,579.575744629
2025-05-29,581.863525391
2025-05-30,581.212768555
2025-06-02,584.486694336
2025-06-03,587.819763184
2025-06-04,587.66192627
2025-06-05,584.821899414
2025-06-06,590.827453613
2025-06-09,591.359924316
2025-06-10,594.71282959
2025-06-11,593.016662598
2025-06-12,595.373535156
2025-06-13,588.717163086
2025-06-16,594.31829834
2025-06-17,589.239807129
2025-06-18,589.151000977
2025-06-20,587.767456055
2025-06-23,593.572998047
2025-06-24,600.130371094
2025-06-25,600.46661377
2025-06-26,605.164672852
2025-06-27,608.171325684
2025-06-30,611.079040527
2025-07-01,610.881286621
2025-07-02,613.65057373
2025-07-03,618.487060547
2025-07-07,613.878051758
2025-07-08,613.541809082
2025-07-09,617.221008301
2025-07-10,618.961669922
2025-07-11,616.785827637
2025-07-14,617.962768555
2025-07-15,615.32208252
2025-07-16,617.379211426
2025-07-17,621.157409668
2025-07-18,620.702453613
2025-07-21,621.879394531
2025-07-22,621.968383789
2025-07-23,627.259765625
2025-07-24,627.467468262
2025-07-25,630.118041992
2025-07-28,629.959899902
2025-07-29,628.298278809
2025-07-30,627.507080078
2025-07-31,625.153137207
2025-08-01,614.906616211
2025-08-04,624.253051758
2025-08-05,621.088134766
2025-08-06,625.84552002
2025-08-07,625.321289062
2025-08-08,630.197265625
2025-08-11,628.951049805
2025-08-12,635.646850586
2025-08-13,637.822753906
2025-08-14,637.882141113
2025-08-15,636.388671875
2025-08-18,636.250183105
2025-08-19,632.798400879
2025-08-20,631.117004395
2025-08-21,628.585083008
2025-08-22,638.23815918
2025-08-25,635.429199219
2025-08-26,638.089782715
2025-08-27,639.543640137
2025-08-28,641.80859375
2025-08-29,637.980957031
2025-09-02,633.253356934
2025-09-03,636.685302734
2025-09-04,642.006469727
2025-09-05,640.146911621
2025-09-08,641.719665527
2025-09-09,643.203125
2025-09-10,645.062561035
2025-09-11,650.423095703
2025-09-12,650.205444336
2025-09-15,653.667175293
2025-09-16,652.767150879
2025-09-17,651.956176758
2025-09-18,655.002380371
2025-09-19,658.246520996
2025-09-22,661.360717773
2025-09-23,657.760620117
2025-09-24,655.66784668
2025-09-25,652.642944336
2025-09-26,656.382019043
2025-09-29,658.22668457
2025-09-30,660.706115723
2025-10-01,662.957519531
2025-10-02,663.721069336
2025-10-03,663.711242676
2025-10-06,666.091491699
2025-10-07,663.621948242
2025-10-08,667.579162598
2025-10-09,665.645202637
2025-10-10,647.65423584
2025-10-13,657.591918945
2025-10-14,656.788574219
2025-10-15,659.704467773
2025-10-16,655.211669922
2025-10-17,658.930847168
2025-10-20,665.784057617
2025-10-21,665.774047852
2025-10-22,662.312805176
2025-10-23,666.24029541
2025-10-24,671.685180664
2025-10-27,679.60949707
2025-10-28,681.414550781
2025-10-29,681.741821289
2025-10-30,674.24395752
2025-10-31,676.455627441
2025-11-03,677.725158691
2025-11-04,669.691711426
2025-11-05,672.012451172
2025-11-06,664.802185059
2025-11-07,665.456726074
2025-11-10,675.840759277
2025-11-11,677.387878418
2025-11-12,677.764770508
2025-11-13,666.517944336
2025-11-14,666.408935547
2025-11-17,660.200317383
2025-11-18,654.656311035
2025-11-19,657.18536377
2025-11-20,647.168334961
2025-11-21,653.614929199
2025-11-24,663.235107422
2025-11-25,669.473449707
2025-11-26,674.095214844
2025-11-28,677.774719238
2025-12-01,674.680358887
2025-12-02,675.930053711
2025-12-03,678.270629883
2025-12-04,678.766479492
2025-12-05,680.055786133
2025-12-08,678.012756348
2025-12-09,677.427490234
2025-12-10,681.920410156
2025-12-11,683.507202148
2025-12-12,676.158081055
2025-12-15,675.136535645
2025-12-16,673.291870117
2025-12-17,665.883239746
2025-12-18,670.911499023
2025-12-19,676.99230957
2025-12-22,681.209899902
2025-12-23,684.323303223
2025-12-24,686.730529785
2025-12-26,686.660888672
2025-12-29,684.213867188
2025-12-30,683.378356934
2025-12-31,678.315246582
2026-01-02,679.55859375
2026-01-05,684.084533691
2026-01-06,688.152954102
2026-01-07,685.934753418
2026-01-08,685.865112305
2026-01-09,690.401000977
2026-01-12,691.485229492
2026-01-13,690.102600098
2026-01-14,686.710632324
2026-01-15,688.580688477
2026-01-16,688.003723145
2026-01-20,673.998168945
2026-01-21,681.776855469
2026-01-22,685.33795166
2026-01-23,685.586547852
2026-01-26,689.068054199
2026-01-27,691.813476562
2026-01-28,691.743835449
2026-01-29,690.371154785
2026-01-30,688.312072754
2026-02-02,691.733947754
2026-02-03,685.885009766
2026-02-04,682.562683105
2026-02-05,674.037963867
2026-02-06,686.969238281
2026-02-09,690.281677246
2026-02-10,688.461303711
2026-02-11,688.302185059
2026-02-12,677.668701172
2026-02-13,678.146118164
2026-02-17,679.24029541
2026-02-18,682.662109375
2026-02-19,680.861633301
2026-02-20,685.785583496
2026-02-23,678.782775879
2026-02-24,683.716491699
2026-02-25,689.485900879
2026-02-26,685.656188965
2026-02-27,682.363708496
2026-03-02,682.751708984
2026-03-03,676.733703613
2026-03-04,681.508239746
2026-03-05,677.708496094
2026-03-06,668.825683594
2026-03-09,674.684570312
2026-03-10,673.600280762
2026-03-11,672.754821777
2026-03-12,662.5390625
2026-03-13,658.789001465
2026-03-16,665.493408203
2026-03-17,667.244018555
2026-03-18,657.933532715
2026-03-19,656.312194824
2026-03-20,646.903442383
2026-03-23,653.695922852
2026-03-24,651.501586914
2026-03-25,655.132202148
2026-03-26,643.432373047
2026-03-27,632.460632324
2026-03-30,630.346069336
2026-03-31,648.668884277
2026-04-01,653.556274414
2026-04-02,654.144775391
2026-04-06,657.236816406
2026-04-07,657.526000977
2026-04-08,674.272949219
2026-04-09,678.162841797
2026-04-10,677.714050293
2026-04-13,684.336975098
2026-04-14,692.675537109
2026-04-15,698.141418457
2026-04-16,699.856994629
2026-04-17,708.315246582
2026-04-20,706.898803711
2026-04-21,702.270812988
2026-04-22,709.382507324
2026-04-23,706.629577637
2026-04-24,712.10546875
2026-04-27,713.332275391
2026-04-28,709.861206055
2026-04-29,709.751525879
2026-04-30,716.813293457
2026-05-01,718.798217773
2026-05-04,716.164978027
2026-05-05,721.910217285
2026-05-06,731.944335938
2026-05-07,729.700134277
2026-05-08,735.724609375
2026-05-11,737.400268555
2026-05-12,736.28314209
2026-05-13,740.402526855
2026-05-14,746.247497559
2026-05-15,737.270629883
2026-05-18,736.751953125
2026-05-19,731.844604492
2026-05-20,739.345275879
2026-05-21,740.811462402
2026-05-22,743.723999023
2026-05-26,748.661315918
2026-05-27,748.531616211
2026-05-28,752.660949707
2026-05-29,754.536132812
2026-06-01,756.590820312
2026-06-02,757.618225098
2026-06-03,752.301879883
2026-06-04,755.144592285
2026-06-05,735.654785156
2026-06-08,737.32043457
2026-06-09,735.156066895
2026-06-10,723.565917969
2026-06-11,735.864257812
2026-06-12,739.843994141
2026-06-15,752.890380859
2026-06-16,748.401977539
2026-06-17,739.056030273
2026-06-18,746.739990234
2026-06-22,744.390014648
2026-06-23,733.58001709
2026-06-24,733.239990234
2026-06-25,734.299987793
2026-06-26,728.989990234
2026-06-29,741
2026-06-30,746.770019531
2026-07-01,745.760009766
2026-07-02,744.780029297
2026-07-06,751.280029297
2026-07-07,747.710021973
2026-07-08,745.400024414
2026-07-09,751.710021973
2026-07-10,754.950012207
2026-07-13,749.16998291
2026-07-14,751.83001709
2026-07-15,754.809997559
2026-07-16,750.719970703
2026-07-17,743.289978027
2026-07-20,742.090026855
2026-07-21,748.280029297
2026-07-22,747.409973145
2026-07-23,738.179992676
2026-07-24,738.929992676
2026-07-27,739.090026855
2026-07-28,740.859985352
2026-07-29,729.460021973
2026-07-30,741.690002441
2026-07-31,747.030029297
2026-08-03,757.66998291
2026-08-04,771.33001709
2026-08-05,769.789978027
2026-08-06,768.559997559
2026-08-07,773.260009766
2026-08-10,773.030029297
2026-08-11,770.559997559
2026-08-12,772.489990234
2026-08-13,777.880004883
2026-08-14,776.340026855
2026-08-17,772.66998291
2026-08-18,767.450012207
2026-08-19,769.059997559
2026-08-20,762.599975586
2026-08-21,765.719970703
2026-08-24,763.469970703
2026-08-25,765.909973145
2026-08-26,766.08001709
2026-08-27,771.099975586
2026-08-28,769.349975586
2026-08-31,767.049987793
2026-09-01,761.780029297
2026-09-02,765.159973145
2026-09-03,773.16998291
2026-09-04,770.190002441
2026-09-08,765.960021973
2026-09-09,762.400024414
2026-09-10,757.83001709
2026-09-11,764.289978027
